date,youtube_url,title,duration_minutes
2026-09-05,https://youtube.com/watch?v=Huc0DuLNLFQ,"Mariano, San, Nicolette Shea & Big Mike Play HIGH STAKES $50/100 - Commentary by David Tuchman",276
2026-09-04,https://youtube.com/watch?v=tiZc3ddvQRk,"THURSDAY NIGHT FEVER w/ Dr. H, Henry, Wolfgang & San - Commentary by Charlie Wilmoth",329
2026-09-03,https://youtube.com/watch?v=dESoj-5GCwk,"WET WEDNESDAY w/ DGAF, Wolfgang, Linna & San - Commentary by David Tuchman",332
2026-09-02,https://youtube.com/watch?v=w6DgtGq26Z4,"JBoogs, Dr. H & Big Mike Play THE ANTE GAME - Commentary by DGAF",331
2026-09-01,https://youtube.com/watch?v=edyFSi0VMDw,"MAX PAIN MONDAY w/ Bear Jew, KGao, Sickest Fool & Pipi - Commentary by Charlie Wilmoth",326
2026-08-29,https://youtube.com/watch?v=61PJ_Rj1MVk,"DANIEL NEGREANU Plays HIGH STAKES $100/200/400 w/ Andy Stacks, Rampage, Senor Tilt & Nik Airball",510
2026-08-28,https://youtube.com/watch?v=cvavfL3LXCE,"Nik Airball, Alec Torelli & Dr. H Play POT LIMIT OMAHA - Commentary by Charlie Wilmoth",329
2026-08-27,https://youtube.com/watch?v=1mMcIw4pjPs,"WET WEDNESDAY w/ DGAF, Jellyfish, Bear Jew & Yanyan - Commentary by David Tuchman",329
2026-08-26,https://youtube.com/watch?v=gwDLO7XS0gk,"Mariano, JBoogs, Jack C & Big Mike Play THE ANTE GAME - Commentary by DGAF",325
2026-08-25,https://youtube.com/watch?v=cx24ONzxRuo,"MAX PAIN MONDAY w/ JT, Nikos, Sickest Fool & Pipi - Commentary by Charlie Wilmoth",327
2026-08-22,https://youtube.com/watch?v=aGytbwiFLpc,"Rampage, Mariano, Mike X & Big Mike Play HIGH STAKES $50/100 - Commentary by David Tuchman",390
2026-08-21,https://youtube.com/watch?v=9x8RB0vgwOg,"THURSDAY NIGHT FEVER w/ Dr. H, Mariano & Big Mike - Commentary by Charlie Wilmoth",329
2026-08-20,https://youtube.com/watch?v=exOuYFvTmm0,"WET WEDNESDAY w/ Jellyfish, Julia, Eddie Testosterone & Joanna - Commentary by David Tuchman",335
2026-08-19,https://youtube.com/watch?v=E2dkBQJgYw8,"Nik Airball, Dr. H & Big Mike Play THE ANTE GAME - Commentary by DGAF",333
2026-08-18,https://youtube.com/watch?v=0OoBB0PvPbI,"MAX PAIN MONDAY w/ JT, Sickest Fool, Pipi & Raver - Commentary by Charlie Wilmoth",329
2026-08-15,https://youtube.com/watch?v=Oiy4hHx22Qs,"Rampage, Mariano, Mike X, Henry & Jellyfish Play HIGH STAKES $50/100 - Commentary by Charlie Wilmoth",357
2026-08-14,https://youtube.com/watch?v=uZACkyFx1S0,"Rampage, Luda Chris, Uncle Drew, Jellyfish & Dr. H Play POT LIMIT OMAHA - Commentary by Tuchman",330
2026-08-13,https://youtube.com/watch?v=RfTCM9h_W2I,"WET WEDNESDAY w/ DGAF, Jellyfish, Sickest Fool, Tommy Tao & Wenny - Commentary by David Tuchman",313
2026-08-12,https://youtube.com/watch?v=50OL6PRAoNk,"Mariano, JBoogs, Dr. H & Big Mike Play THE ANTE GAME - Commentary by DGAF",327
2026-08-11,https://youtube.com/watch?v=YMLXRDnT08g,"Michael Mizrachi, Ray J, Rampage, Adam22, Morgan Jay, Bruce Buffer & Princess Love! MAX PAIN MONDAY!",340
2026-08-08,https://youtube.com/watch?v=6ILlzfiXj24,"Nik Airball, Alec Torelli & Dr. H Play HIGH STAKES $50/100 - Commentary by David Tuchman",289
2026-08-07,https://youtube.com/watch?v=VZ03AomNXzY,"THURSDAY NIGHT FEVER w/ Dr. H, Nik Airball & Alec Torelli - Commentary by Charlie Wilmoth",277
2026-08-06,https://youtube.com/watch?v=MRDx4YUxSXQ,"WET WEDNESDAY w/ DGAF, Sickest Fool, Rich Asian Bro & Wenny - Commentary by David Tuchman",334
2026-08-05,https://youtube.com/watch?v=C1TT8ZqeAs8,"Nik Airball, JBoogs, Tilted Prince, Mike X & Francisco Play THE ANTE GAME - Commentary by DGAF",334
2026-08-04,https://youtube.com/watch?v=MVnDJKV92JI,"5 YEAR ANNIVERSARY!! Armenian Mike, Mike Nia, Big John, Ronnie & Bear Jew - Commentary by DGAF",324
2026-08-01,https://youtube.com/watch?v=N9o24b5LtJQ,"Mariano, Turbo, Tilted Prince & Big Mike Play HIGH STAKES $50/100 - Commentary by Charlie Wilmoth",390
2026-07-31,https://youtube.com/watch?v=0CXfBDfCK8I,"Tilted Prince, Dr. H & Francisco Play POT LIMIT OMAHA - Commentary by Charlie Wilmoth",325
2026-07-30,https://youtube.com/watch?v=3-GDJKdo6mQ,"WET WEDNESDAY w/ DGAF, Anastasia, Santa & Big John - Commentary by David Tuchman",336
2026-07-29,https://youtube.com/watch?v=uACUQ9Cd-gU,"Luda Chris, Tilted Prince, JBoogs & Big Mike Play THE ANTE GAME - Commentary by DGAF",333
2026-07-28,https://youtube.com/watch?v=vnkbFdqftJs,"MAX PAIN MONDAY w/ JT, Sickest Fool, Nikos & Raver - Commentary by David Tuchman",335
2026-07-25,https://youtube.com/watch?v=xkJraG1e3w4,"Steve, Britney, Nik Airball & Big Mike Play HIGH STAKES $100/200 - Commentary by Charlie Wilmoth",380
2026-07-24,https://youtube.com/watch?v=c-R7c9FAVqQ,"3Coin, Britney, Rampage & Mariano Play THE ANTE GAME - Commentary by David Tuchman",290
2026-07-23,https://youtube.com/watch?v=gOwrkUXU2xo,"Rampage, Britney, Nik Airball & Big Mike Play $100/100 - Commentary by David Tuchman",322
2026-07-22,https://youtube.com/watch?v=v0w-nI_G_jk,"3Coin, Britney, JBoogs & Luda Chris Play THE ANTE GAME - Commentary by DGAF",328
2026-07-21,https://youtube.com/watch?v=KS6sBdUSM3Y,"MAX PAIN MONDAY w/ Kitty Kuo, Sashimi, Nikos & Raver! Commentary by Charlie Wilmoth",326
2026-07-18,https://youtube.com/watch?v=NG43wkMj1-o,"Britney, Mariano & Peter Play HIGH STAKES $100/200 - Commentary by Raver",399
2026-07-17,https://youtube.com/watch?v=PqGLJIFAN_Y,"Britney, Sakis & Jack C Play THE ANTE GAME - Commentary by Charlie Wilmoth",330
2026-07-16,https://youtube.com/watch?v=osFhAW7BFMs,"Britney, Nik Airball & Wolfgang Play $25/50/100 - Commentary by DGAF",356
2026-07-15,https://youtube.com/watch?v=NZCBndQVoKM,"Wolfgang, Britney, Nik Airball & JBoogs Play THE ANTE GAME - Commentary by DGAF",311
2026-07-14,https://youtube.com/watch?v=fPccWxGuAvg,"MAX PAIN MONDAY w/ Sashimi, JT, Sickest Fool & Raver! Commentary by Charlie Wilmoth",325
2026-07-04,https://youtube.com/watch?v=ObmthwbEXCI,"Nik Airball, Britney, Jack Lee & Big Mike Play HIGH STAKES $100/200 - Commentary by Charlie Wilmoth",315
2026-07-03,https://youtube.com/watch?v=JfsQzKK9Jf8,"Britney, Big Mike & Niu B Play THE ANTE GAME - Commentary by Charlie Wilmoth",307
2026-07-02,https://youtube.com/watch?v=TE3KW8qUhHg,"Britney, Jack Lee, Big Mike & Brown Balla Play $25/50/100 - Commentary by DGAF",291
2026-07-01,https://youtube.com/watch?v=5moIph42J9w,"Britney, JBoogs, Niu B & Zeo Play THE ANTE GAME - Commentary by DGAF",323
2026-06-30,https://youtube.com/watch?v=dhVGBauKrAs,"MAX PAIN MONDAY w/ Jellyfish, KGao, Global Danny & Rich Asian Bro!! Commentary by Charlie Wilmoth",317
2026-06-27,https://youtube.com/watch?v=rcpG72VifQ4,"Rampage, Britney, Elton Tsang & Sakis Play HIGH STAKES $100/200!! Commentary by Charlie Wilmoth",394
2026-06-26,https://youtube.com/watch?v=xJ4oD4LmiiA,"Britney, Mariano & Jack C Play THE ANTE GAME - Commentary by David Tuchman",333
2026-06-25,https://youtube.com/watch?v=eQ0wQAYiidg,"Wolfgang, Britney, Mariano & Jack C Play HIGH STAKES $50/100 - Commentary by David Tuchman",219
2026-06-24,https://youtube.com/watch?v=6qebUxbACvA,"Wolfgang, Britney, JBoogs, Jack C & Dr. P Play THE ANTE GAME - Commentary by DGAF",313
2026-06-23,https://youtube.com/watch?v=10TZHwgYop4,"MAX PAIN MONDAY w/ Bruce Buffer, Sasababi, Sashimi & Sickest Fool! Commentary by David Tuchman",319
2026-06-21,https://youtube.com/watch?v=HwcXB8grZjI,"WSOP HIGH STAKES LIVE! Rampage, Nik Airball & Linglin Play $100/200 - Commentary by David Tuchman",352
2026-06-20,https://youtube.com/watch?v=F0_c9WqJr4w,"Martin Kabrhel, Texas Mike, Santhosh, Rampage, Nik Airball & Ace! $1K/1K/2K! WSOP HIGH STAKES LIVE!",310
2026-06-19,https://youtube.com/watch?v=Vrq5xBgToWs,"THIRSTY THURSDAY w/ DGAF, Big John & Johnny - Commentary by Charlie Wilmoth",281
2026-06-18,https://youtube.com/watch?v=nAEz3JUDPR4,"Britney, Mariano & Henry Play HIGH STAKES $50/100 - Commentary by Charlie Wilmoth",325
2026-06-17,https://youtube.com/watch?v=sGqzsUT2ZDI,"Britney, JBoogs, Big Mike & Dr. P Play THE ANTE GAME - Commentary by DGAF",329
2026-06-16,https://youtube.com/watch?v=xTUroIjHOiY,"$10K TOURNAMENT!! Britney, Andrew Neeme, JT & Raver! Commentary by DGAF",268
2026-06-13,https://youtube.com/watch?v=lzS005opmfo,"MILLION DOLLAR GAME! Alan Keating, Texas Mike, Martin Kabrhel, Santhosh & Peter! (Part 2 of 2)",197
2026-06-13,https://youtube.com/watch?v=OHkI_qvLlc4,"MILLION DOLLAR GAME! Alan Keating, Texas Mike, Martin Kabrhel, Santhosh & Peter! (Part 1 of 2)",649
2026-06-12,https://youtube.com/watch?v=4EBE5x7rIKI,"Uncle Drew, Dr. H, Nik Airball & Suited Superman Play $25/50 PLO - Commentary by Charlie Wilmoth",320
2026-06-11,https://youtube.com/watch?v=Vu_zof1VLws,Tom Dwan & Sam Kiki Play Señor’s Giveaway Game - Commentary by DGAF,262
2026-06-10,https://youtube.com/watch?v=K_b4CQ95e48,"Britney, JBoogs, C Ye & Dr. P Play THE ANTE GAME - Commentary by David Tuchman",327
2026-06-09,https://youtube.com/watch?v=uMBt59NnMB0,"MAX PAIN MONDAY w/ Bear Jew, Sashimi, Rich Asian Bro & Wenny! Commentary by DGAF",330
2026-06-07,https://youtube.com/watch?v=Gql3-frZir4,"Rampage, Nik Airball, Chris Moneymaker & Ace! WSOP HIGH STAKES LIVE! Commentary by Brent Hanks",288
2026-06-06,https://youtube.com/watch?v=I_PjOTPP1Vs,"WSOP HIGH STAKES LIVE! Rampage, Nik Airball, Britney & RIPS - Commentary by Brent Hanks & Keating",362
2026-06-05,https://youtube.com/watch?v=woz99fvzZiw,"Nik Airball, Henry, & Big Mike Play THE ANTE GAME - Commentary by David Tuchman",321
2026-06-04,https://youtube.com/watch?v=oJrybBTprak,"Britney, Nik Airball & Peter Play HIGH STAKES $50/100 - Commentary by DGAF",208
2026-06-03,https://youtube.com/watch?v=YiKVIyBGzHg,"Britney, JBoogs, C Ye, Mike X & Francisco Play THE ANTE GAME - Commentary by David Tuchman",301
2026-06-02,https://youtube.com/watch?v=Fugh-rZ6Nl4,"MAX PAIN MONDAY w/ Sashimi, Bear Jew, Rich Asian Bro & Wenny! Commentary by Charlie Wilmoth",330
2026-05-30,https://youtube.com/watch?v=ZeCmz2DA6Zg,"Nik Airball, Britney & Peter Play HIGH STAKES $100/200 - Commentary by Raver",328
2026-05-29,https://youtube.com/watch?v=0KjCC4bOsvY,"Blank Check Ben, Britney, Jasper & Jellyfish Play HIGH STAKES $50/100 - Commentary by Tuchman",322
2026-05-28,https://youtube.com/watch?v=gjYpxQk-Udo,"WET WEDNESDAY w/ DGAF, Linna, WiFi Baby & Johnny- Commentary by David Tuchman",318
2026-05-27,https://youtube.com/watch?v=AmVURk5fCMg,"Britney, JBoogs, Luda Chris, Jasper & Big Mike Play THE ANTE GAME - Commentary by DGAF",329
2026-05-26,https://youtube.com/watch?v=eSFxrRYJVD0,"MAX PAIN MONDAY w/ Britney, Andrew Neeme, Sashimi, CashMoney & Raver! Commentary by Charlie Wilmoth",330
2026-05-23,https://youtube.com/watch?v=DDp3lSBzAu0,"Doug Polk, Nik Airball, Britney, Jake & Peter Play HIGH STAKES $100/200 - Commentary by Charlie",390
2026-05-22,https://youtube.com/watch?v=sdrWMg-pfDg,"Doug Polk, Britney, Nik Airball & Suited Superman Play $25/50/100 PLO - Commentary by Charlie & Adam",328
2026-05-21,https://youtube.com/watch?v=iNTtBHGKWD8,"Doug Polk, Mariano, Britney & Teuf Play HIGH STAKES $50/100 - Commentary by DGAF",334
2026-05-20,https://youtube.com/watch?v=liGnCtVxBRs,"Britney, 3Coin, Luda Chris, Teuf, Jellyfish & Jack C Play THE ANTE GAME - Commentary by Tuchman",332
2026-05-19,https://youtube.com/watch?v=yXfOrDBjEDA,"MAX PAIN MONDAY w/ JBoogs, Sashimi, JT & Jack! Commentary by David Tuchman",313
2026-05-16,https://youtube.com/watch?v=iju1LvKgro4,"MEGA CASH MANIA! Alan Keating, Peter, Britney, Nik Airball, Jibrael, Jake Brander, Turbo! $500/1K!",519
2026-05-15,https://youtube.com/watch?v=HObknR2e7hA,"MEGA CASH MANIA! Alan Keating, Peter, Britney, Turbo! $100K Buy-In! $500/1K!",606
2026-05-14,https://youtube.com/watch?v=p7sLdH9q2V0,"Britney, Nik Airball & JBoogs Play THE ANTE GAME - Commentary by Kiran C2B",327
2026-05-13,https://youtube.com/watch?v=q2Jd7CqqI8o,"Mariano, Big Mike & C Ye Play THE ANTE GAME - Commentary by DGAF",329
2026-05-12,https://youtube.com/watch?v=9Z9JZAy24j0,"MAX PAIN MONDAY w/ Bruce Buffer, JT & Sickest Fool! Commentary by Charlie Wilmoth",314
2026-05-09,https://youtube.com/watch?v=p0Q7LW64ecM,"Nik Airball, Jeremy Kaufman, Steve & Dylan Flashner Play HIGH STAKES $50/100 - Commentary by Charlie",445
2026-05-08,https://youtube.com/watch?v=0d9x6kUh1rs,Mariano Plays $10/20 No Limit Hold’em with Poker Fans - Commentary by Charlie Wilmoth,268
2026-05-07,https://youtube.com/watch?v=b4f7K9e_f_M,"WET WEDNESDAY w/ DGAF, Sasababi, Big John & Johnny - Commentary by Raver",272
2026-05-06,https://youtube.com/watch?v=SLyfVoCMWXw,"Nik Airball, JBoogs, Mike X & Francisco Play THE ANTE GAME - Commentary by DGAF",327
2026-05-05,https://youtube.com/watch?v=NE0PTqB0Bh0,"MAX PAIN MONDAY w/ Hoodie Allen, Cash Money, JT & Sickest Fool! Commentary by DGAF",311
2026-05-02,https://youtube.com/watch?v=QcjcYb5y6b8,"HIGH STAKES w/ JBoogs, Dylan Flashner, & Mike X - Commentary by David Tuchman",394
2026-05-01,https://youtube.com/watch?v=L7DQzGoY8iM,"THE ANTE GAME w/ Jack C, Dr. P & Global Danny - Commentary by Charlie Wilmoth",327
2026-04-30,https://youtube.com/watch?v=j4cDqeJmmAU,"King Henry, Uncle Drew & Dr. H Play $25/50/100 PLO - Commentary by David Tuchman",317
2026-04-29,https://youtube.com/watch?v=MyM7Z8YEl90,"THE ANTE GAME w/ Mariano, Mike X, Jack C & Big Mike - Commentary by DGAF",327
2026-04-28,https://youtube.com/watch?v=9gCYZZYGcj8,"MAX PAIN MONDAY w/ Bear Jew, Ella, Ohio David & Raver! Commentary by Charlie Wilmoth",329
2026-04-25,https://youtube.com/watch?v=CyQRb173NfA,"Jungleman, Nik Airball, & Big Mike Play HIGH STAKES $100/200 - Commentary by Charlie Wilmoth",332
2026-04-24,https://youtube.com/watch?v=pbkGl4KogIA,"Nik Airball, Big Mike & Ohio David Play THE ANTE GAME - Commentary by Charlie Wilmoth",333
2026-04-23,https://youtube.com/watch?v=wOAFLHKxLfw,"Mariano, C Ye, Brazil God & Ohio David Play $25/50/100 - Commentary by DGAF",328
2026-04-22,https://youtube.com/watch?v=E-2ewPykzZ4,"C Ye, Francisco, KGao & Big Mike Play THE ANTE GAME - Commentary by DGAF",328
2026-04-21,https://youtube.com/watch?v=v6KD5TCfRVM,"Britney, Bear Jew, Raver, KGao & JT Play MAX PAIN MONDAY! Commentary by Charlie Wilmoth",328
2026-04-18,https://youtube.com/watch?v=wK5mbEBTICI,"Britney, Jasper, Mariano & Turbo Play HIGH STAKES $100/200 - Commentary by Charlie Wilmoth",217
2026-04-17,https://youtube.com/watch?v=p6r2DaSdJZw,"Britney, Nik Airball & KGao Play THE ANTE GAME - Commentary by Charlie Wilmoth",325
2026-04-16,https://youtube.com/watch?v=FxDj8E3bmRI,"DGAF, Old Man Beer, Vixen & Anastasia Play WET WEDNESDAY - Commentary by David Tuchman",331
2026-04-15,https://youtube.com/watch?v=A9fHmDJHBAI,"Britney, Jasper, JBoogs & Luda Chris Play THE ANTE GAME - Commentary by Charlie Wilmoth",325
2026-04-14,https://youtube.com/watch?v=gup__3MRu8E,"Rich Asian Bro, Adam22, JT, KGao & Raver Play MAX PAIN MONDAY! Commentary by DGAF",330
2026-04-11,https://youtube.com/watch?v=g-pwv_-cdmE,"Rampage, Britney, Jasper, Mariano & Turbo Play HIGH STAKES $100/200 - Commentary by DGAF",337
2026-04-10,https://youtube.com/watch?v=ygf034xNYZA,"Britney, KGao & Nikos Play THE ANTE GAME - Commentary by Charlie Wilmoth",326
2026-04-09,https://youtube.com/watch?v=5PKIqTjnIaU,"Rampage Plays $50/100 w/ KGao, Jasper & Britney - Commentary by DGAF",276
2026-04-08,https://youtube.com/watch?v=25WOTVgPekM,"Britney, Jasper, JBoogs & Luda Chris Play THE ANTE GAME - Commentary by DGAF",323
2026-04-07,https://youtube.com/watch?v=4jqvr9igAjY,"Bear Jew, JT & C Ye Play MAX PAIN MONDAY! Commentary by Charlie Wilmoth",327
2026-04-04,https://youtube.com/watch?v=dTvWKypxyi0,"Rampage, Britney, Mariano, Turbo & Jasper Play HIGH STAKES $100/200 - Commentary by Raver",313
2026-04-03,https://youtube.com/watch?v=aq3sLTpC4II,"Britney, Big Mike, KGao & C Ye Play THE ANTE GAME - Commentary by Charlie Wilmoth",329
2026-04-02,https://youtube.com/watch?v=A8yya8APvNM,"Rampage, Mariano, Jasper & Turbo Play $50/100 - Commentary by Charlie Wilmoth",281
2026-04-01,https://youtube.com/watch?v=2L0jXNDmhuI,"Britney, Jasper, JBoogs & Luda Chris Play THE ANTE GAME - Commentary by Charlie Wilmoth",320
2026-03-31,https://youtube.com/watch?v=NDKh4aYeCOY,"Bruce Buffer, Ella & Sashimi Play MAX PAIN MONDAY! Commentary by DGAF",331
2026-03-28,https://youtube.com/watch?v=V1egkr4FpI8,"Britney, Jasper & Dylan Flashner Play HIGH STAKES $100/200 Commentary by Charlie Wilmoth",271
2026-03-27,https://youtube.com/watch?v=XNhJHiWEab8,"Britney, Dylan, Francisco & C Ye Play THE ANTE GAME - Commentary by Charlie Wilmoth",252
2026-03-26,https://youtube.com/watch?v=c4fBI8Rvx9g,"Britney, Mariano, & Henry Play $25/50/100 - Commentary by David Tuchman",326
2026-03-25,https://youtube.com/watch?v=QUFeaQ6rfWM,"Britney, Jasper, JBoogs & C Ye Play THE ANTE GAME - Commentary by DGAF",301
2026-03-24,https://youtube.com/watch?v=4CyTW8tBmDg,"Britney, Ella, Sashimi, Raver, KGao & JT Play MAX PAIN MONDAY! Commentary by David Tuchman",321
2026-03-21,https://youtube.com/watch?v=s9U4qqpbmTE,"Britney, Mariano & Turbo Play HIGH STAKES $100/200",359
2026-03-20,https://youtube.com/watch?v=5cpcbEAXvKc,"Britney, Nik Airball, Dylan Flashner, & Jasper Play THE ANTE GAME - Commentary by Charlie Wilmoth",330
2026-03-19,https://youtube.com/watch?v=olGgIsV3-jc,"Britney, Big Mike, & Dr. P Play $25/50/100 - Commentary by David Tuchman",330
2026-03-18,https://youtube.com/watch?v=q5e3v-vgZRQ,"Britney, Jasper, JBoogs & C Ye Play THE ANTE GAME - Commentary by DGAF",336
2026-03-17,https://youtube.com/watch?v=0F_T4WapI8s,"Rina, Ella, Raver & JT Play MAX PAIN MONDAY! Commentary by David Tuchman",327
2026-03-14,https://youtube.com/watch?v=7LvKM-5YNUU,"Britney, Nik Airball, Señor Tilt & Turbo Play HIGH STAKES $100/200 - Commentary by Charlie Wilmoth",387
2026-03-12,https://youtube.com/watch?v=1U98jM13K2E,"DGAF, HC Ken, Johnny Steven & Akilah Play WET WEDNESDAY - Commentary by David Tuchman",332
2026-03-11,https://youtube.com/watch?v=O2ExGKM9LkE,"Britney, Luda Chris, Jasper, JBoogs & Sashimi Play THE ANTE GAME - Commentary by DGAF",331
2026-03-10,https://youtube.com/watch?v=E5B1yGCGFbg,"Britney, Sashimi, Dylan Flashner & Raver Play MAX PAIN MONDAY! Commentary by David Tuchman",330
2026-03-07,https://youtube.com/watch?v=_CmuKL8YYD8,"Mariano, Britney & Turbo Play HIGH STAKES $100/200",405
2026-03-06,https://youtube.com/watch?v=v1rMm9hts0s,"Britney, Mike X & Dr. P Play THE ANTE GAME - Commentary by Charlie Wilmoth",318
2026-03-05,https://youtube.com/watch?v=HRykAEnBfcw,"Britney, Mariano, & Dylan Flashner Play $25/50/100 - Commentary by Charlie Wilmoth",315
2026-03-04,https://youtube.com/watch?v=nEirWLL2Q3g,"Britney, Nik Airball, JBoogs & Big Mike Play THE ANTE GAME - Commentary by DGAF",319
2026-03-03,https://youtube.com/watch?v=3UL7i8YQDcg,"Britney, Sashimi, Ella, Tony Tag & Francisco Play MAX PAIN MONDAY! Commentary by David Tuchman",333
2026-02-28,https://youtube.com/watch?v=mWblLxGtrSU,"Patrik Antonius, Britney & Nik Airball Play HIGH STAKES $100/200",319
2026-02-27,https://youtube.com/watch?v=xSHch8TnFoc,"Britney, Nik Airball, Sashimi & Raver Play THE ANTE GAME - Commentary by Charlie Wilmoth",329
2026-02-26,https://youtube.com/watch?v=XeZVjojhtSw,"Mariano, Tony Tag & Dr. P Play $25/50/100 - Commentary by David Tuchman",328
2026-02-25,https://youtube.com/watch?v=784igCbruW8,"3Coin, JBoogs, Tony Tag, Doc Hollywood & Luda Chris Play THE ANTE GAME - Commentary by DGAF",321
2026-02-24,https://youtube.com/watch?v=wafM6e1a24Y,"Corey Eyring, Sashimi, Kevin & Adam Cohen Play MAX PAIN MONDAY! Commentary by David Tuchman",320
2026-02-21,https://youtube.com/watch?v=Jp6AaRnDL9g,"Rampage, Mariano, Mike X & Brown Balla Play HIGH STAKES $100/100 - Commentary by David Tuchman",376
2026-02-20,https://youtube.com/watch?v=Ode7MKqwtgM,"Rampage, Mariano & Nikos Play THE ANTE GAME - Commentary by Raver",321
2026-02-19,https://youtube.com/watch?v=fi9wibyFNoM,"DGAF Plays $25/25 w/ Johnny Steven, Sasababi & HC Ken",328
2026-02-18,https://youtube.com/watch?v=0ID1NB_Sl_k,"Nik Airball, Sashimi, Mike X & JBoogs Play THE ANTE GAME - Commentary by DGAF",323
2026-02-17,https://youtube.com/watch?v=RWpNNXOC8js,"Sashimi, Recycler, Raver & Adam Cohen Play MAX PAIN MONDAY! Commentary by Charlie Wilmoth",339
2026-02-14,https://youtube.com/watch?v=VPZi9pRjNDo,"Kristen Foxen, Rampage & Nik Airball Play HIGH STAKES $100/200 - Commentary by Charlie Wilmoth",338
2026-02-13,https://youtube.com/watch?v=loAuriiBRCk,"Alex Foxen, Suited Superman & Nik Airball Play HIGH STAKES $25/50/100 - Commentary by Charlie",314
2026-02-12,https://youtube.com/watch?v=EJ0K0j3g-0M,"Rampage, Mariano, JBoogs & Big Mike Play THE ANTE GAME - Commentary by David Tuchman",255
2026-02-11,https://youtube.com/watch?v=-BlXJWJLibI,"Nik Airball, Jasper, JBoogs & Francisco Play THE ANTE GAME - Commentary by DGAF",267
2026-02-10,https://youtube.com/watch?v=xSGl1K36VpY,"Sashimi, Ella, Francisco & Dr. H Play MAX PAIN MONDAY! Commentary by DGAF",325
2026-02-07,https://youtube.com/watch?v=Zy4c7PpVyS4,"Nik Airball, Denis the Menace & Henry Play HIGH STAKES $50/100! Commentary by David Tuchman",274
2026-02-06,https://youtube.com/watch?v=94_e_YcLT_I,"Jasper, Big Mike & Francisco Play THE ANTE GAME - Commentary by Charlie Wilmoth",312
2026-02-05,https://youtube.com/watch?v=MYQDzrHj8TA,"Israeli Ron, Ronnie, Big John & Bear Jew Play $25/25 - Commentary by David Tuchman",325
2026-02-04,https://youtube.com/watch?v=8ihippIuyBE,"Jasper, JBoogs, Mariano & Jellyfish Play THE ANTE GAME - Commentary by DGAF",331
2026-02-03,https://youtube.com/watch?v=VwP7FC888L0,"Close2Broke, Sashimi, Ella, JT & Raver Play MAX PAIN MONDAY! Commentary by David Tuchman",329
2026-01-31,https://youtube.com/watch?v=Y2V174v4fPA,"Mariano, Denis the Menace & Big Mike Play HIGH STAKES $100/200/400",395
2026-01-30,https://youtube.com/watch?v=sKkjKIAJ_lY,"Wolfgang, Big Mike, Dr. H & Suited Superman Play THE ANTE GAME - Commentary by Charlie Wilmoth",330
2026-01-29,https://youtube.com/watch?v=4MUwwnB8oYM,"Wolfgang, Denis the Menace & Mariano Play $25/50/100 - Commentary by David Tuchman",322
2026-01-28,https://youtube.com/watch?v=G2vazfsQc2A,"Nik Airball, Jasper, Suited Superman & Dr. H Play $25/50 NL/PLO Mix",332
2026-01-27,https://youtube.com/watch?v=6ktT8MyuAPA,"Phillip Hellmuth III, Sashimi, Ella, DJ Washburn & JT Play MAX PAIN MONDAY!!!",330
2026-01-24,https://youtube.com/watch?v=Zs8lSQXrqHk,"Mariano, Nik Airball, Turbo & Jasper Play HIGH STAKES $50/100 - Commentary by David Tuchman",353
2026-01-23,https://youtube.com/watch?v=_lPWFR-ea5g,"Jasper, Big Mike & Francisco Play THE ANTE GAME - Commentary by Charlie Wilmoth",332
2026-01-22,https://youtube.com/watch?v=RfRPVwfaQ8Q,"Nik Airball, Mariano & Ohio David Play $25/50/100 - Commentary by David Tuchman",329
2026-01-21,https://youtube.com/watch?v=GQuCKLAp5ys,"Sashimi, Jasper & JBoogs Play THE ANTE GAME - Commentary by DGAF",331
2026-01-20,https://youtube.com/watch?v=X5ckvuBrMaU,"Nikos, Ella, JT, Sashimi & Raver Play MAX PAIN MONDAY! Commentary by Charlie Wilmoth",329
2026-01-17,https://youtube.com/watch?v=8dqsCtzr_YI,"Togi Plays HIGH STAKES POKER w/ Ethan Klein, Randall Emmett, Steiny, Botez, Mariano & Nik Airball",371
2026-01-16,https://youtube.com/watch?v=39Glco08-Q0,"Jasper, Big Mike, Dr. H & Ohio David Play THE ANTE GAME - Commentary by Kiran C2B",334
2026-01-15,https://youtube.com/watch?v=Bqz-iXgPmqE,"Rampage, Mariano, Jungleman, Henry & Justin Smith Play $25/50/100 - Commentary by David Tuchman",323
2026-01-14,https://youtube.com/watch?v=4Q-B9lLefwc,"Jasper, JBoogs, Big Mike, Bear Jew & Ohio David Play THE ANTE GAME - Commentary by DGAF",325
2026-01-13,https://youtube.com/watch?v=OaTUjS8fbmk,"Corey Eyring, Frankie C, Sashimi & Raver Play MAX PAIN MONDAY!",331
2026-01-10,https://youtube.com/watch?v=Jo7P-c9334o,"Señor Tilt, Mariano, Jungleman & Nik Airball Play $50/100 - Commentary by David Tuchman",328
2026-01-09,https://youtube.com/watch?v=ctbwjUyxUzI,"Nik Airball, Jasper & Big Mike Play THE ANTE GAME - Commentary by Charlie Wilmoth",326
2026-01-08,https://youtube.com/watch?v=wtq0TiKQNvs,"3Coin, Nik Airball, King Henry & Big Mike Play $25/50/100 - Commentary by Charlie Wilmoth",322
2026-01-07,https://youtube.com/watch?v=1lrMEro_Qwk,"3Coin, Jasper, JBoogs, Big Mike & Bear Jew Play THE ANTE GAME - Commentary by DGAF",327
2026-01-06,https://youtube.com/watch?v=PVo4mcgCQjs,"MAX PAIN MONDAY! Morgan Jay, Dylan Flashner, Raver & Sashimi - Commentary by David Tuchman",324
2025-12-20,https://youtube.com/watch?v=VGg7LLUcn80,"HIGH STAKES $100/200! Nik Airball, Peter, Turbo, Mariano & Tomer - Commentary by David Tuchman",386
2025-12-19,https://youtube.com/watch?v=O1kz3JrxJcM,"Jellyfish, Tomer & Mariano Play HIGH STAKES $100/100 - Commentary by Charlie Wilmoth",300
2025-12-18,https://youtube.com/watch?v=4-IrQfGea_A,"Mariano, Nik Airball, Jellyfish & Big Mike Play $25/50/100 - Commentary by David Tuchman",319
2025-12-17,https://youtube.com/watch?v=BFHZGnfticA,"Nik Airball, JBoogs & Big Mike Play THE ANTE GAME - Commentary by DGAF",330
2025-12-16,https://youtube.com/watch?v=7FcSmQjJdj0,"MAX PAIN MONDAY! Raver, JT, Poker Daddy & Nate Hill - Commentary by David Tuchman",330
2025-12-13,https://youtube.com/watch?v=Cj0pS4Egi7A,"Britney, Big Mike & Mariano Play HIGH STAKES $50/100 - Commentary by Charlie Wilmoth",353
2025-12-12,https://youtube.com/watch?v=lxk7unUckkE,"Britney, Mike X & Big Mike Play THE ANTE GAME -  Commentary by Charlie",312
2025-12-11,https://youtube.com/watch?v=z1rPrhlTqZ0,"Mariano, Britney & King Henry Play $25/50/100 - Commentary by David Tuchman",316
2025-12-10,https://youtube.com/watch?v=dkpwENV1OC8,"Britney, JBoogs & Big Mike Play THE ANTE GAME - Commentary by DGAF",331
2025-12-09,https://youtube.com/watch?v=UdY6kBIiECs,"MAX PAIN MONDAY! Paulina, Sashimi, Bruce Buffer, Chase Rogers & Raver - Commentary by Charlie",332
2025-12-06,https://youtube.com/watch?v=MXxIzqIRyoA,"Britney, Peter, Nik Airball & Mariano Play HIGH STAKES $50/100 - Commentary by Charlie Wilmoth",362
2025-12-05,https://youtube.com/watch?v=KuZ5LSXRX4U,"Luda Chris, Britney, Jasper, Teuf & Big Mike Play THE ANTE GAME - Commentary by Charlie Wilmoth",334
2025-12-04,https://youtube.com/watch?v=baYF6IaQQno,"Britney, Jellyfish, Jasper & JBoogs Play THE ANTE GAME -  Commentary by David Tuchman",324
2025-12-03,https://youtube.com/watch?v=TXh6GMszv4A,"MILLION DOLLAR MARATHON! Alan Keating, Martin Kabrhel, Senor Tilt, Nik Airball, Peter! (PART 1 of 3)",715
2025-12-02,https://youtube.com/watch?v=DFuPl8AbdDQ,"MAX PAIN MONDAY! Britney, Sashimi, Raver & Francisco - Commentary by David Tuchman",330
2025-11-22,https://youtube.com/watch?v=WMeo1tMb5E4,"HIGH STAKES $200/400! Senor Tilt, Nik Airball, Mariano, Peter, Britney & Jellyfish",350
2025-11-21,https://youtube.com/watch?v=2fdOySHCle4,"Luda Chris, Jasper, Britney, Jellyfish & Big Mike Play THE ANTE GAME -  Commentary by Charlie",337
2025-11-20,https://youtube.com/watch?v=VxuW8IYvLJw,"HIGH STAKES $100/200! Senor Tilt, Mariano, Peter, Britney & Jellyfish -  Commentary by David Tuchman",331
2025-11-19,https://youtube.com/watch?v=7KKbnW2_xx0,"Britney, JBoogs, Bear Jew, Dr. H & Big John Play THE ANTE GAME - Commentary by DGAF",326
2025-11-18,https://youtube.com/watch?v=uGnYsTH5ChA,"Adam22, Britney, Sashimi & Raver! MAX PAIN MONDAY! Commentary by David Tuchman",332
2025-11-15,https://youtube.com/watch?v=sVwlDrD2szM,"Doug Polk Plays HIGH STAKES $100/200 w/ Nik Airball, Peter, Britney & Dapo - Commentary by Charlie",486
2025-11-14,https://youtube.com/watch?v=eajgQEhEBuM,"Doug Polk Plays HIGH STAKES $100/200 w/ Nik Airball, Mariano, Peter & Britney - Commentary by Raver",387
2025-11-13,https://youtube.com/watch?v=GaZn5ZYCCTQ,"Luda Chris, Britney, Jellyfish, Big Mike, Jack & Mike X Play $25/50/100 - Commentary by DGAF",346
2025-11-12,https://youtube.com/watch?v=Q8wQDUA6c24,"Luda Chris, JBoogs, Suited Superman & Dr. H Play $25/50 NL/PLO Mix - Commentary by DGAF & Adam",338
2025-11-11,https://youtube.com/watch?v=ga4jA-VAMRY,"Britney, JT, Raver, Sashimi & Jack Play MAX PAIN MONDAY! Commentary by David Tuchman",331
2025-11-08,https://youtube.com/watch?v=Wo_a2WvVaLk,"HIGH STAKES $100/200! Britney, Peter, Mariano, Tomer, Jellyfish, Jeff the Cash - Commentary by Raver",403
2025-11-07,https://youtube.com/watch?v=nHiWK5IQpUA,"Britney, Jellyfish & Big Mike Play THE ANTE GAME - Commentary by Kiran C2B",328
2025-11-06,https://youtube.com/watch?v=YEBsZrf55pM,"Mariano, Peter, Britney, Turbo, Jellyfish Play HIGH STAKES $100/200/400! Commentary by David Tuchman",330
2025-11-05,https://youtube.com/watch?v=dWTxzfcBd-U,"Britney, Sashimi, JBoogs & Big Mike Play THE ANTE GAME - Commentary by DGAF",327
2025-11-04,https://youtube.com/watch?v=qUyHUHQDx8Y,"Bruce Buffer, Poker Bunny & Sashimi Play MAX PAIN MONDAY! Commentary by David Tuchman",334
2025-11-01,https://youtube.com/watch?v=2LaFNxYJWcM,"HIGH STAKES HALLOWEEN!! Martin Kabrhel, Nik Airball, Turbo, Jellyfish & Big Mike",342
2025-10-31,https://youtube.com/watch?v=0pSODyycD6k,"Martin Kabrhel, Rampage, Peter, Nik Airball, Henry & Big Mike! HIGH STAKES $100/200/400!",368
2025-10-30,https://youtube.com/watch?v=ARztWhvlU90,"Martin Kabrhel, Nik Airball, Mariano, Steve & Big Mike! HIGH STAKES $100/200!",354
2025-10-29,https://youtube.com/watch?v=pu8HMpJDH3w,"JBoogs, Mike X, Francisco, Jeff the Cash & Pipi Play THE ANTE GAME - Commentary by DGAF",332
2025-10-28,https://youtube.com/watch?v=adfWwf2U-vQ,"Jellyfish, Sashimi, JT & Raver Play MAX PAIN MONDAY! Commentary by David Tuchman",325
2025-10-25,https://youtube.com/watch?v=wSjdE3E1uAI,"Nik Airball, Jasper & Peter Play HIGH STAKES $100/100! Commentary by Charlie Wilmoth",283
2025-10-24,https://youtube.com/watch?v=m14hBX_CIsA,"Senor Tilt, Peter, Jasper, Luda Chris & Big Mike Play HIGH STAKES $100/200!",356
2025-10-23,https://youtube.com/watch?v=oDHY2hutkw4,"Martin Kabrhel, Nik Airball, Peter & Nick Palma Play HIGH STAKES $100/200!",372
2025-10-22,https://youtube.com/watch?v=_DZEKMlSNzw,"JBoogs, Big Mike, Nikos, Mike X & Francisco Play THE ANTE GAME - Commentary by DGAF",332
2025-10-21,https://youtube.com/watch?v=iLJWCpK14Lc,"Rampage, Peter, Sashimi, Coco & Raver Play MAX PAIN MONDAY! Commentary by David Tuchman",329
2025-10-18,https://youtube.com/watch?v=5VALaTpNrdE,"Nik Airball, Peter, Turbo, Jellyfish & Big Mike Play HIGH STAKES $100/200! Commentary by Charlie",400
2025-10-17,https://youtube.com/watch?v=1U5xBwKFIl0,"Peter, Nik Airball, Doc Hollywood, Brandon Steven & Mariano Play HIGH STAKES $100/200!",317
2025-10-16,https://youtube.com/watch?v=rtpE8Rq_yNE,"Peter, Senor Tilt, Doc Hollywood, Big Mike & Ryan Feldman Play HIGH STAKES $100/100!",347
2025-10-15,https://youtube.com/watch?v=TgeF8EEWFyk,"JBoogs, Big Mike & Mike X Play THE ANTE GAME - Commentary by DGAF",332
2025-10-14,https://youtube.com/watch?v=UQVj4TpAeFw,"MAX PAIN MONDAY! Sashimi, Coco, Raver & Fantastic Fox - Commentary by David Tuchman",325
2025-10-11,https://youtube.com/watch?v=0Ovpq5uvc4Y,"Nik Airball, Senor Tilt & Mariano Play HIGH STAKES $50/100/200 - Commentary by Charlie Wilmoth",373
2025-10-10,https://youtube.com/watch?v=LpySq1tx8io,"Nik Airball, Nicky P & Dr. H Play THE ANTE GAME - Commentary by Kiran C2B",325
2025-10-09,https://youtube.com/watch?v=kskZJAB0pmc,"Mariano, Nick Palma, Henry & Big Mike Play $25/50/100 - Commentary by David Tuchman",331
2025-10-08,https://youtube.com/watch?v=9ciR2z8DEi0,"JBoogs, Dr. H, Big John & Ritayang Play THE ANTE GAME - Commentary by DGAF",330
2025-10-07,https://youtube.com/watch?v=rkGCLGbUqw4,"MAX PAIN MONDAY! Sashimi, JT & Raver - Commentary by Charlie Wilmoth",321
2025-10-04,https://youtube.com/watch?v=NU_8aCVrdyc,"Rampage, Mariano & Nik Airball Play HIGH STAKES $50/100 - Commentary by Charlie Wilmoth",392
2025-10-03,https://youtube.com/watch?v=4deFqNIpis4,"Nik Airball, Dr. H, Ritayang, Dr, P & Pipi Play THE ANTE GAME - Commentary by Charlie Wilmoth",322
2025-10-02,https://youtube.com/watch?v=YzbliIHZthc,"Brad Owen Plays $50/50 w/ Mariano, 3Coin & Dylan Flashner - Commentary by David Tuchman",327
2025-10-01,https://youtube.com/watch?v=qZgd2VnAQyw,"Luda Chris, 3Coin, Coco, JBoogs & JT Play THE ANTE GAME - Commentary by DGAF",324
2025-09-30,https://youtube.com/watch?v=omiFdAXNqwU,"MAX PAIN MONDAY! Sashimi, Coco, Chase Rogers, JT & Sasababi - Commentary by David Tuchman",331
2025-09-27,https://youtube.com/watch?v=mJyVW_ESziA,"Mariano, Nik Airball, Henry & Gaston Play HIGH STAKES $50/100 - Commentary by Charlie Wilmoth",329
2025-09-26,https://youtube.com/watch?v=227MTGP3BUw,"HIGH STAKES $100/200! Nik Airball, Senor Tilt, Doc Hollywood, Tomer, Gaston & Han!",344
2025-09-25,https://youtube.com/watch?v=yQmdXHhAM5I,"Antonio Esfandiari, Senor Tilt, Brandon Steven, Doc Hollywood, Steve & Han! HIGH STAKES $100/200!",393
2025-09-24,https://youtube.com/watch?v=DB-gFrEwgv4,"Nikos, Dr. H, Francisco & Dr. P Play THE ANTE GAME - Commentary by DGAF",332
2025-09-23,https://youtube.com/watch?v=hrqi1ukYMZE,"Sethy Poker, Brettski, Bluff, On Tilt Nick & Brandon O'Brien! MAX PAIN MONDAY! Pres. by SpinQuest",331
2025-09-20,https://youtube.com/watch?v=5sEYU3yyfK8,"Nik Airball, Senor Tilt, Steve & Gaston Play HIGH STAKES POKER! Commentary by Raver",330
2025-09-19,https://youtube.com/watch?v=Rki-WpN6t2A,"Nik Airball, Suited Superman, Tomer, Dr. H & Francisco Play $25/50 NL/PLO Mix",328
2025-09-18,https://youtube.com/watch?v=439KNplMetk,"Mariano, Senor Tilt, Mike X, Francisco & Gaston Play $25/50/100 - Commentary by David Tuchman",338
2025-09-17,https://youtube.com/watch?v=aORMvF3ZCxY,"Brazil God, JBoogs, Bear Jew & Francisco Play THE ANTE GAME - Commentary by DGAF",333
2025-09-16,https://youtube.com/watch?v=DfbJI3VJkTA,"John Cerasani, CBlez, Brazil God & Raver Play MAX PAIN MONDAY! Commentary by David Tuchman",330
2025-09-13,https://youtube.com/watch?v=UHNFnPhRf4M,"Nik Airball, Mariano & Mike X Play HIGH STAKES $50/100 - Commentary by Charlie Wilmoth",372
2025-09-12,https://youtube.com/watch?v=40jE1RBo_LU,"Mariano, Pipi & Gaston Play THE ANTE GAME - Commentary by Charlie Wilmoth",330
2025-09-11,https://youtube.com/watch?v=WHNcg3m1d0k,"Nik Airball, Senor Tilt, Pennzoil Don, Tomer & Mike X Play HIGH STAKES $50/100!",373
2025-09-10,https://youtube.com/watch?v=GyIm5as3-V4,"JBoogs, Coco, Francisco & Dr. H Play THE ANTE GAME - Commentary by DGAF",332
2025-09-09,https://youtube.com/watch?v=LwP0O4vd_ho,"MAX PAIN MONDAY! CBlez, Chase Rogers, Ayaka & JT - Commentary by David Tuchman",327
2025-09-06,https://youtube.com/watch?v=1JAsdZd4pF8,"Antonio Esfandiari, Jibrael, Senor Tilt & Nik Airball Play HIGH STAKES $100/200!",420
2025-09-05,https://youtube.com/watch?v=njQjZSzwi14,"Nik Airball, Mike X & Dr. P Play THE ANTE GAME - Commentary by Charlie Wilmoth",331
2025-09-04,https://youtube.com/watch?v=q2Ebkyik7_4,"Rampage, Nik Airball, Mariano & Henry Play $25/50/100 - Commentary by David Tuchman",334
2025-09-03,https://youtube.com/watch?v=1T7Ki3ZUfds,"Coco, Mike X, Francisco & Bear Jew Play THE ANTE GAME - Commentary by DGAF",333
2025-09-02,https://youtube.com/watch?v=fxHEn1SO4Ew,"MAX PAIN MONDAY! 3Coin, DQ, Fast Eddie, Crazy Drew & Raver - Commentary by David Tuchman",331
2025-09-01,https://youtube.com/watch?v=qiDe7KZ11SA,"Randall Emmett, Jake Brander & 3Coin Play $25/50! CRAZY Poker Game! Commentary by Kiran C2B",354
2025-08-30,https://youtube.com/watch?v=mzCzuPUFFno,"Rampage, Senor Tilt, Peter & Nik Airball Play HIGH STAKES $100/200! Commentary by Charlie Wilmoth",415
2025-08-29,https://youtube.com/watch?v=fqHSDi-Fx8E,"Mariano, Francisco & Dr. P Play THE ANTE GAME - Commentary by Charlie Wilmoth",346
2025-08-28,https://youtube.com/watch?v=txyEvmmz2AU,"Nik Airball, Mariano, Henry & Brown Balla Play $25/50/100 - Commentary by David Tuchman",346
2025-08-27,https://youtube.com/watch?v=g1Tqbyblrss,"Nik Airball, Luda Chris, JBoogs, Coco & Bear Jew Play THE ANTE GAME - Commentary by DGAF",354
2025-08-26,https://youtube.com/watch?v=gjU2IMXN6Bo,"MAX PAIN MONDAY! Randy Wolf, Coco, Sasababi & Vina - Commentary by David Tuchman",330
2025-08-23,https://youtube.com/watch?v=bb0Eoh8iR2Q,"Rampage, Peter & Mariano Play HIGH STAKES $50/100 - Commentary by Charlie Wilmoth",392
2025-08-22,https://youtube.com/watch?v=GfZO6WIW-Pw,"1,000th SHOW!! Jasper, Luda Chris, Israeli Ron, Mike X, Big John, Dylan, Francisco, Ronnie, Patrick",333
2025-08-21,https://youtube.com/watch?v=K0jDItgPHhk,"Rampage, Mariano & Nik Airball Play $25/50/100 - Commentary by David Tuchman",334
2025-08-20,https://youtube.com/watch?v=Ki-bU__VsXE,"JBoogs, Coco, Bear Jew & Mike X Play THE ANTE GAME - Commentary by DGAF",336
2025-08-19,https://youtube.com/watch?v=LcYsjdKHz5g,"MAX PAIN MONDAY! Coco, Armenian Mike, Chase Rogers, Raver $10/20/40 - Commentary by David Tuchman",335
2025-08-16,https://youtube.com/watch?v=fhx1zvbbf1I,"Mariano, Henry & Charlie Lee Play HIGH STAKES $50/100! Commentary by Charlie Wilmoth",317
2025-08-15,https://youtube.com/watch?v=UeujZXCluBU,"Britney, Nik Airball & Niu B Play THE ANTE GAME - Commentary by Charlie Wilmoth",330
2025-08-14,https://youtube.com/watch?v=D9DqgTfj4JE,"Rampage, Mariano, Nik Airball, & Henry Play HIGH STAKES $100/200 - Commentary by David Tuchman",328
2025-08-13,https://youtube.com/watch?v=MbkelfwMrvk,"Nik Airball, Wolfgang, JBoogs, Mike X & Francisco Play THE ANTE GAME - Commentary by DGAF",332
2025-08-12,https://youtube.com/watch?v=AN6VIhWPIgg,"MAX PAIN MONDAY! Bruce Buffer, Chase Rogers & Wolfgang Play $10/20/40 - Commentary by David Tuchman",331
2025-08-09,https://youtube.com/watch?v=9rt5qeuWZUw,"Rampage, Mariano, Nik Airball, Britney & Peter Play HIGH STAKES $200/400 - Commentary by Charlie",391
2025-08-08,https://youtube.com/watch?v=3U1AAJBMulQ,"Rampage Plays THE ANTE GAME w/ Nik Airball, Britney, Mike X & Jeff the Cash - Commentary by Charlie",327
2025-08-07,https://youtube.com/watch?v=K6ARS3F_cYM,"ALL-STAR GAME! Rampage, Mariano, Nik Airball, Peter, Britney, 3Coin, Sashimi, Dylan & Henry",403
2025-08-06,https://youtube.com/watch?v=uGaFe5D9syA,"Doc Hollywood, Coco, Sashimi, Bear Jew & Mike X Play THE ANTE GAME - Commentary by DGAF",329
2025-08-05,https://youtube.com/watch?v=sbErbMAZ18c,"MAX PAIN MONDAY! 3Coin, Doc Hollywood, Sashimi & Raver Play $10/20/40 - Commentary by David Tuchman",305
2025-08-02,https://youtube.com/watch?v=S0E0v_HDDt8,"HIGH STAKES $100/200! Peter, Britney, Nik Airball & Steve - Commentary by Kiran C2B",405
2025-08-01,https://youtube.com/watch?v=cXVoDLD6_4Y,"HIGH STAKES $100/200! Peter, Britney, Nik Airball & Pennzoil Don - Commentary by Kiran C2B",335
2025-07-31,https://youtube.com/watch?v=GZROjLY6Ej8,"Mariano, Britney & Henry Play $25/50/100 - Commentary by DGAF",329
2025-07-30,https://youtube.com/watch?v=vyPx0nqaD_o,"Britney, JBoogs, Bear Jew & Francisco Play THE ANTE GAME - Commentary by Charlie Wilmoth",333
2025-07-29,https://youtube.com/watch?v=PHutEgIS4Hg,"MAX PAIN MONDAY! Bruce Buffer, Sashimi & Ayaka Play $10/20/40 - Commentary by DGAF",325
2025-07-26,https://youtube.com/watch?v=mzzNqaO-w6E,"HIGH STAKES $100/200! Peter, Britney, Nik Airball, Senor Tilt, Brandon Steven, Han",412
2025-07-25,https://youtube.com/watch?v=cM1Weq8VbxQ,"HIGH STAKES $100/200! Peter, Britney, Nik Airball, Senor Tilt, Steve, Brandon Steven",334
2025-07-24,https://youtube.com/watch?v=MsqvhEZ8Fo0,"HIGH STAKES $100/200! Peter, Britney, Nik Airball, Senor Tilt - Commentary by Charlie Wilmoth",392
2025-07-23,https://youtube.com/watch?v=OwjoQHqk0-I,"Luda Chris, Britney, JBoogs, Dylan Flashner & Tony Tag Play THE ANTE GAME - Commentary by DGAF",325
2025-07-22,https://youtube.com/watch?v=5E5k1Xd55U4,"MAX PAIN MONDAY! Sashimi, Britney, Wei, Sasababi & Armenian Mike - Commentary by DGAF",340
2025-07-19,https://youtube.com/watch?v=u4p3vTXhz_c,"HIGH STAKES $100/200! Nik Airball, Britney, Denis the Menace, Sam Kiki - Commentary by David Tuchman",405
2025-07-18,https://youtube.com/watch?v=vibWGA0eUgA,"Mariano, YoH ViRaL, Henry & Tony Tag Play $25/50/100 - Commentary by Charlie Wilmoth",303
2025-07-17,https://youtube.com/watch?v=VKvp_A_xv1w,"HIGH STAKES $100/200! Nik Airball, Britney, Santhosh & Sam Kiki - Commentary by David Tuchman",326
2025-07-16,https://youtube.com/watch?v=RQ4Yyr7ESM8,"Britney, Nik Airball, JBoogs & Mike X Play THE ANTE GAME - Commentary by DGAF",332
2025-07-15,https://youtube.com/watch?v=6DpPD3fodlo,"Jeff Nadu, CBlez, Elf, Sashimi & Crazy Drew Play MAX PAIN MONDAY! Commentary by David Tuchman",335
2025-07-02,https://youtube.com/watch?v=RYeHbKM76Us,"Sam Kiki, JBoogs, Armenian Mike & Bear Jew Play THE ANTE GAME - Commentary by David Tuchman",314
2025-07-01,https://youtube.com/watch?v=TDaUSYBNa-4,"Poker Bunny, Sashimi, Ayaka & DJ Washburn Play MAX PAIN MONDAY! Commentary by DGAF",330
2025-06-28,https://youtube.com/watch?v=DBYbZVjvYX8,"HIGH STAKES $50/100! Britney, Jae, Niu B & Hook - Commentary by Charlie Wilmoth",335
2025-06-27,https://youtube.com/watch?v=E6p2NYePdGQ,"Britney, Jae, Jeff the Cash & Dr. P Play THE ANTE GAME - Commentary by Charlie Wilmoth",328
2025-06-25,https://youtube.com/watch?v=phBlUAQKeRw,"Britney, Dylan, Francisco, Bear Jew & Adi Play THE ANTE GAME - Commentary by DGAF",329
2025-06-24,https://youtube.com/watch?v=eo4ul8X3xaQ,"Britney, Sashimi, DJ Washburn & Julia Play MAX PAIN MONDAY! Commentary by DGAF",290
2025-06-21,https://youtube.com/watch?v=9OYvl1HT7dU,"SUPER HIGH STAKES $200/400/800! Nik Airball, Britney, Jae, Huss, Wesley, Jack",397
2025-06-20,https://youtube.com/watch?v=dlvcxS1aDyc,"HIGH STAKES $100/200/400! Nik Airball, Britney, Jae, Jack & Dylan - Commentary by Charlie Wilmoth",339
2025-06-19,https://youtube.com/watch?v=4Syknrr0TWQ,"HIGH STAKES $100/200/400! Nik Airball, Britney, Jae, Dylan, Jack & Wesley - Commentary by DGAF",335
2025-06-18,https://youtube.com/watch?v=7Ee4X4wrydQ,"Britney, Jae, JBoogs & Dylan Play THE ANTE GAME - Commentary by DGAF",334
2025-06-17,https://youtube.com/watch?v=bQqsLMPLGjs,"Poker Bunny, Corey Eyring, Sashimi & Ayaka Play MAX PAIN MONDAY! Commentary by DGAF",334
2025-06-14,https://youtube.com/watch?v=sGv7khFb9Yo,"HIGH STAKES $100/200/400! Mariano, Nik Airball, Jae, Jeff the Cash, Brown Balla & Adi",331
2025-06-13,https://youtube.com/watch?v=NgY4PbA8OgY,"HIGH STAKES $100/200/400! Nik Airball, Mariano, Henry, Jae & Jeff the Cash - Commentary by Charlie",324
2025-06-12,https://youtube.com/watch?v=ToUOMHQnnzI,"Nik Airball, Mariano, Henry & Jeff the Cash Play $25/50 - Commentary by Charlie Wilmoth",289
2025-06-11,https://youtube.com/watch?v=wyi6B2o8kAc,"Nik Airball, Sashimi, Adi & JBoogs Play THE ANTE GAME - Commentary by Charlie Wilmoth",329
2025-06-10,https://youtube.com/watch?v=6rEEHlyQItQ,"MAX PAIN MONDAY!! Sashimi, Elf, Ayaka, Raver & Crazy Drew - Commentary by DGAF",330
2025-06-07,https://youtube.com/watch?v=Ncg6MjVDf9A,"Ryan Garcia, Mikki, Sam Kiki & Randall Emmett Play $25/50 No Limit Hold'em",406
2025-06-06,https://youtube.com/watch?v=x3myA26RIiQ,"Nik Airball, Britney & Dr. P Play THE ANTE GAME - Commentary by Charlie Wilmoth",330
2025-06-05,https://youtube.com/watch?v=yDJ9tV0tRi0,"Britney, Mariano, Dr. P & Henry Play $25/50 - Commentary by DGAF",336
2025-06-04,https://youtube.com/watch?v=buJmm1E5ys4,"Britney, Luda Chris, JBoogs, Jack & Francisco Play THE ANTE GAME - Commentary by DGAF",333
2025-06-03,https://youtube.com/watch?v=td-FdXmFrQo,"MAX PAIN MONDAY!! Sashimi, Big John, Vina, Sasababi, Ronnie & Vivi - Commentary by DGAF",333
2025-05-31,https://youtube.com/watch?v=-R5qrm0uNak,"$200/400 No Limit Hold'em! Nik Airball, Denis the Menace, Steve, Humboldt Mike, Firas & Han",431
2025-05-30,https://youtube.com/watch?v=tui7Rp7FfWQ,"$500/1K PLO! Denis the Menace, Nik Airball, Ben Lamb, Huss, Humboldt Mike, Firas, Tomer, Dapo",361
2025-05-29,https://youtube.com/watch?v=55aLwpOpfV4,"$500/1K/2K PLO! Denis the Menace, Nik Airball, Ben Lamb, Huss, Humboldt Mike, Firas, Tomer, Dapo",406
2025-05-28,https://youtube.com/watch?v=vJGg30F03JU,"Luda Chris, 3Coin, JBoogs, Doc Hollywood & Jack Play THE ANTE GAME - Commentary by DGAF",330
2025-05-27,https://youtube.com/watch?v=CtAoT4JfzfI,"MAX PAIN MONDAY! 3Coin, Sashimi, Coco, Doc Hollywood, Crazy Drew, Jack & Raver - Commentary by DGAF",329
2025-05-24,https://youtube.com/watch?v=JnW_sznF64k,"Nik Airball, Wesley, Dylan & Dr. P! HIGH STAKES $50/100! Commentary by Kane Kalas & Charlie",339
2025-05-23,https://youtube.com/watch?v=G7QKhTfTxsw,"Nik Airball, Dylan Flashner, Coco & Steve Play THE ANTE GAME  - Commentary by Charlie Wilmoth",334
2025-05-22,https://youtube.com/watch?v=QOzpDc2-CqU,"Mariano, Henry & Kane Kalas Play $25/50 - Commentary by David Tuchman",334
2025-05-21,https://youtube.com/watch?v=REBxNVArMmk,"Luda Chris, JBoogs, Teuf, Nikos & Schlubby Greg Play THE ANTE GAME - Commentary by DGAF",331
2025-05-20,https://youtube.com/watch?v=Lz_E1bveEQc,"Teuf, Sashimi, Nikos, Karen, Crazy Drew & Ronnie! MAX PAIN MONDAY! Commentary by DGAF",329
2025-05-17,https://youtube.com/watch?v=dnbLfxe8zAc,"Nik Airball, Mariano, Wesley & Mike X Play HIGH STAKES $100/200! Commentary by Charlie Wilmoth",394
2025-05-16,https://youtube.com/watch?v=xUZALpeF_Jk,"Nik Airball, Wesley, Mike X, Dr. P & L Play THE ANTE GAME - Commentary by Charlie Wilmoth",334
2025-05-15,https://youtube.com/watch?v=uY0iZvk1RZA,"Mariano, Henry, Dylan & Adi Play $25/50 - Commentary by DGAF",334
2025-05-14,https://youtube.com/watch?v=tc6FHPvMI1o,"Nik Airball, Dylan, Johnny & Wesley Play THE ANTE GAME - Commentary by DGAF",328
2025-05-13,https://youtube.com/watch?v=_dF8tSWUq04,"Bruce Buffer, Sashimi, Coco, Raver & Crazy Drew! MAX PAIN MONDAY! Commentary by David Tuchman",331
2025-05-10,https://youtube.com/watch?v=k-mNnETDdjs,"Luda Chris, JBoogs, Britney, Dylan & Francisco Play HIGH STAKES $50/100 - Commentary by Charlie",265
2025-05-09,https://youtube.com/watch?v=TzaeRtbpTco,"Britney, Wesley, Francisco, Tomer & Mike X Play THE ANTE GAME! Commentary by Charlie Wilmoth",333
2025-05-08,https://youtube.com/watch?v=Gyx_RQmbaMM,"Mariano, Dylan Flashner & King Henry Play $25/50 - Commentary by DGAF",339
2025-05-07,https://youtube.com/watch?v=FE9Qkdkrr-8,"Britney, 3Coin, Dylan Flashner, Luda Chris & JBoogs Play THE ANTE GAME - Commentary by DGAF",301
2025-05-06,https://youtube.com/watch?v=QDbWZXvgNwk,"MAX PAIN MONDAY!! Jasper, Britney, Crazy Drew, 3Coin, Raver, Ronnie - Commentary by Charlie Wilmoth",329
2025-05-03,https://youtube.com/watch?v=ZQC3_-YftQo,"MILLION DOLLAR GAME Recap Show w/ Raver, DJ Washburn & Charlie Wilmoth",125
2025-05-02,https://youtube.com/watch?v=jcPymCbuUqo,"MILLION DOLLAR GAME! Alan Keating, Texas Mike, Nik Airball, Peter, Brandon Steven! $1 MILLION BUYIN!",588
2025-04-30,https://youtube.com/watch?v=WMQg6uTns5s,"MILLION DOLLAR GAME RECAP & PREVIEW SHOW w/ DGAF, Raver & Charlie Wilmoth",178
2025-04-29,https://youtube.com/watch?v=2Q3X2rKQAig,"MILLION DOLLAR GAME! Alan Keating, Texas Mike, Peter, Steve, Erick Lindgren! $1 MILLION BUYIN!",564
2025-04-28,https://youtube.com/watch?v=jw7KivfILEQ,"MILLION DOLLAR GAME TOURNAMENT! $1 MILLION for Winner! Erick Lindgren, Mikki, Botez, Arden, Rampage",506
2025-04-26,https://youtube.com/watch?v=OYFLBK6p0FE,"Rampage, Nik Airball, Jungleman, Mariano, Britney, Peter & 3Coin! HIGH STAKES $100/200!",391
2025-04-25,https://youtube.com/watch?v=BEeRj1PLx9A,"Nik Airball, Britney, Jasper, Wesley, Tomer, Washburn & Ethan Play THE ANTE GAME",333
2025-04-24,https://youtube.com/watch?v=S4269UDpabo,"Wolfgang, Kristen Foxen, Mariano & Wesley Play $25/50 - Commentary by Charlie Wilmoth",336
2025-04-23,https://youtube.com/watch?v=3cJs5IwWqno,"Britney, JBoogs, Francisco, Dr. H, Big John & Santa Play THE ANTE GAME - Commentary by DGAF",331
2025-04-22,https://youtube.com/watch?v=ORBQm6aWIew,"MAX PAIN MONDAY! Britney, Coco, Washburn & Ronnie  - Commentary by David Tuchman",327
2025-04-19,https://youtube.com/watch?v=6Gbxj71UA-U,"Nik Airball, Peter, Britney, Humboldt Mike & Triple D Play HIGH STAKES $100/200!",394
2025-04-18,https://youtube.com/watch?v=k7AwglHgLcs,"Jasper, Ethan, Jingtao & Mike X Play THE ANTE GAME! Commentary by Charlie Wilmoth",332
2025-04-17,https://youtube.com/watch?v=5AxCmyoq2l0,"Mariano, Henry, Dylan, Brown Balla & May G Play $25/50 - Commentary by David Tuchman",329
2025-04-16,https://youtube.com/watch?v=3CUbfEbiNW0,"Jasper, JBoogs, Ethan, Francisco & Mike X Play THE ANTE GAME - Commentary by DGAF",332
2025-04-15,https://youtube.com/watch?v=-JXh757RFPU,"Corey Eyring, Frankie C, 3Coin, Yara & Sasababi Play MAX PAIN MONDAY!! Commentary by David Tuchman",334
2025-04-12,https://youtube.com/watch?v=WubZ5tt7S9c,"Nik Airball, Peter, Britney, Jasper, Luda Chris & Triple D Play HIGH STAKES $100/200!",398
2025-04-11,https://youtube.com/watch?v=hrRL8UXyi30,"Jasper, Ethan, Lily & Dr. H Play THE ANTE GAME - Commentary by Charlie Wilmoth",331
2025-04-10,https://youtube.com/watch?v=wF28LvPXdLc,"Nik Airball, Mariano, Brown Balla & Henry Play $25/50! Commentary by David Tuchman",332
2025-04-09,https://youtube.com/watch?v=TWrKfzwBDzY,"Jasper, Ethan, JBoogs & Mike X Play THE ANTE  GAME - Commentary by DGAF",335
2025-04-08,https://youtube.com/watch?v=dz3lycL3v2o,"MAX PAIN MONDAY! Sashimi, Yara, Ronnie & Ethan - Commentary by David Tuchman",324
2025-04-06,https://youtube.com/watch?v=W9cViP41RQU,"Nik Airball, Wesley, Brian Hastings & Dr. H Play $25/50! Commentary by Adam Johnson",278
2025-04-05,https://youtube.com/watch?v=JuH4LSuP0es,"Nik Airball, Peter, Britney, Charles & Wesley Play SUPER HIGH STAKES $200/400! Commentary by Kiran",404
2025-04-04,https://youtube.com/watch?v=Zskn2Ds-wCo,"Wesley, Ethan, Mike Nia, Mike X Play the ANTE GAME - Commentary by Charlie",329
2025-04-03,https://youtube.com/watch?v=FVCyUJw-tJs,"Jungleman, Triple D, Henry & Mike Nia Play $25/50 - Commentary by Charlie Wilmoth",338
2025-04-02,https://youtube.com/watch?v=Xm1DTIsOixA,"Linglin, Ethan, Mike X, Francisco, Tomer & Mike Nia Play THE ANTE GAME - Commentary by DGAF",340
2025-04-01,https://youtube.com/watch?v=naG4txjLTgg,"Bruce Buffer, Sashimi, 3Coin, DQ, Yara & Crazy Drew! MAX PAIN MONDAY! Commentary by DGAF",333
2025-03-29,https://youtube.com/watch?v=iOjIH0u7XMc,"Alan Keating, Nik Airball, Peter, Britney, Charles & Steve! SUPER HIGH STAKES $200/400!",417
2025-03-28,https://youtube.com/watch?v=mYov0vV9V-0,"Britney, Peter, Mariano, Wesley, Steve, Mike X & Dylan Play HIGH STAKES $50/100!",388
2025-03-27,https://youtube.com/watch?v=TD4zcTyBIpc,"Mario Chalmers, Lil Scrappy, Princess Love, Telli Swift & Steven Jones Play POKER!!",300
2025-03-26,https://youtube.com/watch?v=vUQD-AkkOY8,"Britney, Peter, Jasper, Linglin & JBoogs Play THE ANTE GAME - Commentary by DGAF",330
2025-03-25,https://youtube.com/watch?v=MQL4IiaUWkg,MAX PAIN MONDAY!! Britney & Coco Play $10/20/40 - Commentary by DGAF,323
2025-03-23,https://youtube.com/watch?v=5uVFh3VwKLI,"THE DEGEN GAME! Francisco, Armenian Matt, Recycler & Dr. P Play $10/20/40 - Commentary by Charlie",273
2025-03-22,https://youtube.com/watch?v=4bAexDMyvLE,"INSANE HIGH STAKES POKER GAME! Jasper, Luda Chris, Ethan, Tomer, Dylan - Commentary by Charlie",417
2025-03-21,https://youtube.com/watch?v=40ItXau6Cls,"Jasper, Wesley, Jesse, Mike Nia, Mike X & Dr. H Play THE ANTE GAME - Commentary by Charlie Wilmoth",331
2025-03-20,https://youtube.com/watch?v=AJC2XTN5KyQ,"Rampage Plays $25/50 No Limit Hold'em w/ Henry, Adi & Dr. P - Commentary by DGAF",326
2025-03-19,https://youtube.com/watch?v=T9inViDyJiw,"Luda Chris, Jasper, JBoogs & Mike X Play THE ANTE GAME - Commentary by DGAF",334
2025-03-18,https://youtube.com/watch?v=ZRtevqioC8Y,"MAX PAIN MONDAY!! Crazy Drew, Nate Hill, Coco & Ronnie - Commentary by David Tuchman",330
2025-03-15,https://youtube.com/watch?v=NdJHgR7ZVSk,"Arden Cho, Jasper, Dangerous David, Ethan & Tomer Play HIGH STAKES $50/100 - Commentary by Charlie",395
2025-03-14,https://youtube.com/watch?v=6WLdIWaJ4io,"Wesley, Ethan & Mike X Play THE ANTE GAME - Commentary by Charlie Wilmoth",291
2025-03-13,https://youtube.com/watch?v=D3aV0REZOK8,"Sean Perry Plays $200/400 w/ Mariano, Henry, Brown Balla & Adi - Commentary by David Tuchman",330
2025-03-12,https://youtube.com/watch?v=cKjMKDcB5e8,"Jasper, Luda Chris, JBoogs, Mike X & Adi Play THE ANTE GAME - Commentary by Charlie Wilmoth",330
2025-03-11,https://youtube.com/watch?v=ebZNjN-PANg,"MAX PAIN MONDAY!! Sashimi, MrDrBatman, Jasper, Brazil God, Ethan, Coco - Commentary by David Tuchman",344
2025-03-08,https://youtube.com/watch?v=1Z9uld99N5o,"Arden Cho, Jasper, Luda Chris, Jake & Dangerous David! HIGH STAKES $50/100 - Commentary by Charlie",425
2025-03-07,https://youtube.com/watch?v=iGYcO4g0nrQ,"Mike Matusow, Jasper, Tomer, Mike X & The King Play THE ANTE GAME - Commentary by Charlie Wilmoth",332
2025-03-06,https://youtube.com/watch?v=WQFydQzHS-I,"Mike Matusow, Mariano, Dylan Flashner & Shay Play $25/50 - Commentary by David Tuchman",334
2025-03-05,https://youtube.com/watch?v=7CFm5ksxWGU,"Jasper, JBoogs, Ethan, Adi, Mike X & Schlubby Greg Play THE ANTE GAME - Commentary by Charlie",333
2025-03-04,https://youtube.com/watch?v=FeWplI83vMs,"MAX PAIN MONDAY!! Mike Matusow, Sashimi, Coco, Raver & Ronnie - Commentary by David Tuchman",332
2025-03-01,https://youtube.com/watch?v=5Slpal01iK8,"HIGH STAKES $50/100! Dangerous David, Jake, Wesley, Mariano, Ethan & Dylan - Commentary by Raver",391
2025-02-28,https://youtube.com/watch?v=G-TxYKAzTBc,"Jasper, Wesley, Ethan & Shay Play $10/20/40 - Commentary by Raver",320
2025-02-27,https://youtube.com/watch?v=lTtkDcfTtfU,"Jasper, Ethan, JBoogs, Adi & Dr. H Play THE ANTE GAME - Commentary by David Tuchman",328
2025-02-26,https://youtube.com/watch?v=IYdXDar0mVs,"Jasper, JBoogs, Mike X, Adi & Dr. H Play THE ANTE GAME - Commentary by KiranC2B",328
2025-02-25,https://youtube.com/watch?v=QIkEiyc96i0,"MAX PAIN MONDAY! Sashimi, Crazy Drew, Raver & Karen - Commentary by David Tuchman",328
2025-02-22,https://youtube.com/watch?v=DdJuM-CV7Lg,"HIGH STAKES $50/100 w/ Jake, David, Ethan, Jasper & Dylan Flashner - Commentary by Charlie",397
2025-02-21,https://youtube.com/watch?v=m6IZN6-czVw,"THE DEGEN GAME!! Ethan, Recycler, Dr. P & Francisco Play $10/20/40 - Commentary by KiranC2B",334
2025-02-20,https://youtube.com/watch?v=SZ7lR-Dn6Qk,"Rampage Plays $25/50/100 w/ Mariano, Dylan Flashner & Brown Balla - Commentary by Adam Johnson",331
2025-02-19,https://youtube.com/watch?v=hwLGSWFcQTA,"Antonio Esfandiari Plays POKER w/ Don Cheadle, Harry Ratchford & Amal - Commentary by Charlie",298
2025-02-18,https://youtube.com/watch?v=lX202fTRpAc,"MAX PAIN MONDAY! Sashimi, DQ, Crazy Drew, Ethan, Raver - Commentary by Charlie Wilmoth",330
2025-02-15,https://youtube.com/watch?v=fH1hl7SQqvM,"HIGH STAKES $50/100! Jake, Jasper, Ethan, Tomer & Ryan Feldman - Commentary by Charlie",325
2025-02-14,https://youtube.com/watch?v=K3rfqFyl-kM,"THIRSTY THURSDAY!! Suited Superman, Francisco & Gazzy B Play $10/20/40 - Commentary by Charlie",317
2025-02-13,https://youtube.com/watch?v=gtQf4GrwY4Q,"Rampage Plays $25/50/100 w/ Henry, Adi, Tomer, Efan & May G - Commentary by Ryan Feldman",190
2025-02-12,https://youtube.com/watch?v=NlMFOTN-Ubo,"Jasper, Luda Chris, JBoogs, Adi & Tomer Play THE ANTE GAME - Commentary by Charlie Wilmoth",329
2025-02-11,https://youtube.com/watch?v=px-TniyXhsQ,"MAX PAIN MONDAY!! 3Coin, Sashimi, Coco, Wei, Steddie & Raver - Commentary by David Tuchman",333
2025-02-08,https://youtube.com/watch?v=ywhAjDQOLqc,"HIGH STAKES 50/100 w/ Jasper, Ethan, Adi, Tomer & George - Commentary by Raver",318
2025-02-07,https://youtube.com/watch?v=lImvEVgvulI,"THIRSTY THURSDAY!! Sashimi, Wei, Coco & Ronnie Play $10/20/40 - Commentary by Charlie Wilmoth",316
2025-02-06,https://youtube.com/watch?v=aQ04yauT16s,"Wesley, Mariano, Dylan, Max & Henry Play $25/50 No Limit Hold'em - Commentary by David Tuchman",317
2025-02-05,https://youtube.com/watch?v=IA0lnCCjL4E,"Jasper, JBoogs, Red Lollipop, Adi & Francisco Play THE ANTE GAME - Commentary by Charlie Wilmoth",333
2025-02-04,https://youtube.com/watch?v=TmsTcRmVXLk,"MAX PAIN MONDAY!! Sashimi, Jasper, Coco, Washburn & Ethan - Commentary by David Tuchman",328
2025-02-01,https://youtube.com/watch?v=es5NvRu4MUQ,"HIGH STAKES $50/100 w/ Jake, Wesley, Ethan & Mike X - Commentary by Charlie Wilmoth",376
2025-01-31,https://youtube.com/watch?v=M2qdF8t-vrA,"THIRSTY THURSDAY! Suited Superman, Red Lollipop, Zeo & Efan Play $10/20/40 - Commentary by Charlie",321
2025-01-30,https://youtube.com/watch?v=GZTfE8AxJso,"Wesley, Mariano, Ethan, Dylan Flashner & Henry Play $25/50 - Commentary by David Tuchman",335
2025-01-29,https://youtube.com/watch?v=4dOq9c5W6UA,"Jasper, Luda Chris, JBoogs, George, Ethan & Dylan Play THE ANTE GAME - Commentary by Charlie Wilmoth",318
2025-01-28,https://youtube.com/watch?v=5Yd95H48KwQ,"MAX PAIN MONDAY!! Sashimi, Nate Hill, Coco, Raver, Dylan Flashner - Commentary by David Tuchman",316
2025-01-25,https://youtube.com/watch?v=_as8RRvPfCs,"HIGH STAKES $50/100 w/ Jasper, Jake, Ethan, Dylan, Wesley & Mike X - Commentary by Charlie Wilmoth",401
2025-01-24,https://youtube.com/watch?v=PT9LTGRvKO0,"THIRSTY THURSDAY!!  Nutcracker, Ronnie & Recycler Play $10/20/40 - Commentary by Charlie Wilmoth",317
2025-01-23,https://youtube.com/watch?v=dAmsl7sM1do,"Mariano, Henry, Brown Balla & May G Play $25/50 No Limit Hold'em - Commentary by Charlie Wilmoth",333
2025-01-22,https://youtube.com/watch?v=wLvYmvFPEaU,"TILTED TUESDAY!! Mike X, Francisco, Big John, Ethan & May G - Commentary by Charlie Wilmoth",332
2025-01-21,https://youtube.com/watch?v=3SYw87BHpCQ,"Jake, Jasper, Crazy Drew, Big John, JBoogs, Ethan, George & Dr. H Play $25/50 - Commentary by Raver",338
2025-01-18,https://youtube.com/watch?v=jszHsYx7dck,"HIGH STAKES POKER w/ 3Coin, David, Tomer, Mike X, JBoogs, George, Jasper & Victor",393
2025-01-17,https://youtube.com/watch?v=jdwQ_XEnL_Y,"THIRSTY THURSDAY!! Nate Hill, Raver, Ethan & Ronnie Play $10/20/40 - Commentary by Adam Johnson",329
2025-01-16,https://youtube.com/watch?v=8zc2d4czCq4,"Mariano, Henry & Brown Balla Play $25/50 No Limit Hold'em - Commentary by Raver",313
2025-01-15,https://youtube.com/watch?v=50Cq5MNaQ2M,"Luda Chris, Jibrael, Sashimi & Mike X Play THE ANTE GAME - Commentary by Charlie Wilmoth",331
2025-01-14,https://youtube.com/watch?v=_8GcesrdJl4,"MAX PAIN MONDAY! Sashimi, Coco, Karen, Crazy Drew & Raver - Commentary by Charlie Wilmoth",328
2025-01-11,https://youtube.com/watch?v=GNB16YKrjsU,"HIGH STAKES $50/100 w/ Mariano, Brown Balla, Efan, Adam OG & May G - Commentary by Charlie Wilmoth",324
2025-01-10,https://youtube.com/watch?v=R7HAer_NxP0,"POKER NIGHT!! CRAZY ACTION $5/5 No Limit Hold'em w/ Nikos, Neve, Delilah & Ariel",292
2025-01-09,https://youtube.com/watch?v=IJmlZfYjY7M,"Mariano, Britney, Henry, Eric Poker & Adi Play $25/50 No Limit Hold'em - Commentary by David Tuchman",332
2025-01-08,https://youtube.com/watch?v=WkK7p2wMUDU,"Britney, Luda Chris, JBoogs & Francisco Play THE ANTE GAME - Commentary by Charlie Wilmoth",331
2025-01-07,https://youtube.com/watch?v=TCZPpH_uyRw,"MAX PAIN MONDAY!! Raver, Ken & Ethan Play $10/20/40 - Commentary by David Tuchman",327
2025-01-05,https://youtube.com/watch?v=PB7dhwekm-0,"HIGH STAKES POKER w/ Britney, Peter, Wesley & Tomer - Commentary by Charlie Wilmoth",257
2025-01-04,https://youtube.com/watch?v=G8SKdps7-8I,"HIGH STAKES $100/200 w/ Britney, Peter, David & Ryan Feldman - Commentary by Charlie Wilmoth",312
2025-01-03,https://youtube.com/watch?v=NXv-mlywPYs,"HIGH STAKES $100/100 w/ Britney, Peter, Wesley, Mariano, Mike X & Francisco - Commentary by Charlie",337
2024-12-21,https://youtube.com/watch?v=5UKS1IySqWU,"Antonio Esfandiari Plays SUPER HIGH STAKES $100/200 w/ Britney, Peter, Mike X & Dylan",369
2024-12-20,https://youtube.com/watch?v=YC5zrdG2Mt4,"POKER NIGHT w/ Neve, Nikos, Ken & Luis - $5/5 No Limit Hold'em - Commentary by Close2Broke",320
2024-12-19,https://youtube.com/watch?v=Z3vnxcY0JXE,"Wesley, Mariano, Henry & Adi Play $25/50 No Limit Hold'em - Commentary by David Tuchman",324
2024-12-18,https://youtube.com/watch?v=BSGXcS9L0VI,"Britney, Peter, Luda Chris & Mike X Play THE ANTE GAME - Commentary by Adam Johnson",323
2024-12-17,https://youtube.com/watch?v=_RsoxLtVHSg,"MAX PAIN MONDAY!! Sashimi, Coco, Ronnie & Raver - Commentary by David Tuchman",329
2024-12-15,https://youtube.com/watch?v=lSomdJhLW38,"LADIES NIGHT!! Sashimi, Coco, Karen, Jamie & Julia Play $10/20/40 - Commentary by Mike X",276
2024-12-14,https://youtube.com/watch?v=_mwf_6AEiB4,"Britney, Peter, Wesley, Henry, Han & Mike X Play SUPER HIGH STAKES $100/200 - Commentary by Charlie",387
2024-12-13,https://youtube.com/watch?v=9B9joslXBnQ,"SUPER HIGH STAKES $100/200 w/ Britney, Peter & Wesley - Commentary by Charlie Wilmoth",354
2024-12-12,https://youtube.com/watch?v=W3JSdSRvfGg,"Mariano Plays $25/50 No Limit Hold'em w/ Ronnie, Efan & Dr. P - Commentary by David Tuchman",330
2024-12-11,https://youtube.com/watch?v=DXGjkREKK7w,"Luda Chris, Mike X & Francisco Play THE ANTE GAME - Commentary by Charlie Wilmoth",333
2024-12-10,https://youtube.com/watch?v=JHQAXuFKaMg,"MAX PAIN MONDAY!! Chicago Poker w/ Alex, Marc, Jim, Greg & AP - Commentary by David Tuchman",327
2024-12-07,https://youtube.com/watch?v=ywWjAgvA3Cs,"Lil Pump, Rampage & Adrian Peterson Play HIGH STAKES POKER!",339
2024-12-06,https://youtube.com/watch?v=GuhEKVJcjvM,"Rampage Plays HIGH STAKES $50/100/200 w/ Teuf, Mariano & Henry - Commentary by Charlie Wilmoth",330
2024-12-05,https://youtube.com/watch?v=8b7bAciZiBM,"Moe TV, Zombs, KB Scores, Nate Hill & Fast Eddie Play $5/10 No Limit Hold'em",324
2024-12-04,https://youtube.com/watch?v=nsEfSAaf7T0,"Luda Chris, Sashimi, Dylan & Ronnie Play THE ANTE GAME - Commentary by Charlie Wilmoth",330
2024-12-03,https://youtube.com/watch?v=ZWYlWjJgFaQ,"MAX PAIN MONDAY!! Carrington, Sashimi, AirikaCal, Chase Keith & Raver - Commentary by David Tuchman",311
2024-12-02,https://youtube.com/watch?v=6pzyeD9cyow,"Mariano, Britney & King Henry Play SUPER HIGH STAKES $100/$200!",316
2024-12-02,https://youtube.com/watch?v=u0XvmX0T-5k,"Super High Stakes Poker! 3coin, Britney, Peter & Luda Chris Play $100/$200!!",329
2024-12-01,https://youtube.com/watch?v=feB7AsigccU,"Max Pain SATURDAY!?  Sashimi, Raver, Nate Hill & Ronnie!!!",324
2024-12-01,https://youtube.com/watch?v=mZoUum7Z7wk,"Jungleman Plays HIGH STAKES $100/200 Pot Limit Omaha w/ Rob Yong, Ghojy & Little Dave",346
2024-11-30,https://youtube.com/watch?v=BZZls29c-PA,"Super High Stakes $100/$200 w/ Wesley, Charles, Tomer & Linglin!",326
2024-11-30,https://youtube.com/watch?v=j4YkunJE67s,"SUPER HIGH STAKES $200/400! Jungleman, YoH ViRaL, Handz, Rob Yong - Commentary by Bart Hanson",251
2024-11-29,https://youtube.com/watch?v=_T-04fYco4E,"Thirsty Thursday! Brazil God, Francisco & Pink! WILD!",294
2024-11-29,https://youtube.com/watch?v=WGt2xFGg66w,"SUPER HIGH STAKES $200/400! Jungleman, YoH ViRaL, Rob Yong & Handz - Commentary by Ryan Feldman",354
2024-11-28,https://youtube.com/watch?v=tSWvgButW_w,"Poker Night! Ariel, Neve, Nikos Play REAL STAKES!",324
2024-11-28,https://youtube.com/watch?v=PJr2IYrYWH4,"HIGH STAKES $100/200! HCL in Cyprus! YoH ViRaL, Handz, Ryan Feldman, Rob Yong",323
2024-11-27,https://youtube.com/watch?v=UeNJ2sMH7Kk,"Luda Chris, Linglin, Mike X & Adi Play THE ANTE GAME",306
2024-11-27,https://youtube.com/watch?v=H0z5BVVocy8,"HIGH STAKES $100/200! Handz, YoH ViRaL, Rob Yong - Commentary by Charlie (PART 1 of 2)",333
2024-11-26,https://youtube.com/watch?v=bS8VbFxdv5g,"Max Pain Monday! Corey Eyring, Sashimi, On Tilt, Crazy Drew, Raver!",317
2024-11-26,https://youtube.com/watch?v=jeUe7-n8ryk,"HIGH STAKES $100/200 w/ Ryan Feldman, Rob Yong & Handz - HCL in CYPRUS! Commentary by David Tuchman",318
2024-11-25,https://youtube.com/watch?v=49Epahom7WM,"Wesley, Charles, Mariano Play Super High Stakes Poker $100/$200",258
2024-11-25,https://youtube.com/watch?v=stxx1A0Cfv4,HIGH STAKES $100/100 PLO! HCL in Cyprus!,325
2024-11-24,https://youtube.com/watch?v=sPxYKQ1l5fA,"High Stakes Poker! $100/$200 w/ Charles, Wesley, Peter, Stanley, Han & Ryan Feldman!",372
2024-11-24,https://youtube.com/watch?v=ECk9nySxIXU,"High Stakes Poker! $100/$200 w/ Luda Chris, Peter & Britney!",333
2024-11-23,https://youtube.com/watch?v=2ZHRTYb2WTk,"HIGH STAKES POKER w/ Britney, Xuan, Wesley, Charles & Mike X - Commentary by Charlie Wilmoth",385
2024-11-22,https://youtube.com/watch?v=3pXm4B_7OsQ,"Frankie C, Corey Eyring, 3Coin & On Tilt Play POKER!! Commentary by Charlie Wilmoth",326
2024-11-22,https://youtube.com/watch?v=M55CYcI8mwE,"HIGH STAKES POKER! $100/$200/$400 w/ Peter, Britney, Tomer & Wesley!",334
2024-11-05,https://youtube.com/watch?v=M9gbh2RxEUk,"MAX PAIN MONDAY!! Sashimi, Coco, Fast Eddie, Sasababi - Commentary by David Tuchman",326
2024-11-02,https://youtube.com/watch?v=QAR4DPV3SXc,"Wesley, Charles, Mariano, The King & Dylan Play HIGH STAKES $100/200! Commentary by Ryan Feldman",297
2024-11-01,https://youtube.com/watch?v=u4kV7GEpoVw,"HALLOWEEN POKER!! Sashimi, Wei, Frankie C, Raver & Ronnie Play $10/20/40 - Commentary by Charlie",323
2024-10-31,https://youtube.com/watch?v=_Y4Sbm7WfPw,"Mariano, Henry, Dylan, Brown Balla, The King & Chang Play $25/50/100! Commentary by David Tuchman",316
2024-10-30,https://youtube.com/watch?v=0ldJBbkqEsM,"Linglin, Suited Superman, Zeo, Big John & The King Play THE ANTE GAME! Commentary by Charlie Wilmoth",332
2024-10-29,https://youtube.com/watch?v=QEPc5m6bxos,"Rampage Plays MAX PAIN MONDAY w/ Sashimi, DQ & Raver Poker - Commentary by David Tuchman",327
2024-10-26,https://youtube.com/watch?v=bHEKXO8nDHc,"Jungleman Plays HIGH STAKES $50/100/200 w/ Linglin, Dylan & Mike X - Commentary by Charlie Wilmoth",395
2024-10-25,https://youtube.com/watch?v=V8cQGiHWwfs,"THIRSTY THURSDAY! Frankie C, Fantastic Fox & Yennifer Play $10/20/40 - Commentary by Charlie Wilmoth",329
2024-10-24,https://youtube.com/watch?v=mB1At7j9jxY,"Jungleman, Mariano, Mike X, Henry & Brown Balla Play $25/50 - Commentary by David Tuchman",334
2024-10-23,https://youtube.com/watch?v=sJ0g3yxQkFI,"Luda Chris, Linglin, Mike X & Francisco Play THE ANTE GAME - Commentary by Charlie Wilmoth",331
2024-10-22,https://youtube.com/watch?v=evaLXIb2oPk,"MAX PAIN MONDAY!! Bruce Buffer, Randy, Washburn, Raver, Johnny, Nate Hill - Commentary by Tuchman",332
2024-10-20,https://youtube.com/watch?v=ofximDbaQIw,"WEEKEND POKER!! POT LIMIT OMAHA w/ Suited Superman, Dr. Costa & Drew - Commentary by Adam Johnson",282
2024-10-19,https://youtube.com/watch?v=w7nm3Rwx9W4,"HIGH STAKES $50/100/200 w/ Mariano, Linglin, Mike X & Dylan Flashner - Commentary by Close2Broke",377
2024-10-18,https://youtube.com/watch?v=lROjBPTf29k,"Frankie C, Ronnie, Francisco & Fantastic Fox Play THIRSTY THURSDAY!! Commentary by Charlie Wilmoth",327
2024-10-17,https://youtube.com/watch?v=Nfn6p9vSDV0,"Mariano, Linglin & Dylan Flashner Play $25/50 No Limit Hold'em - Commentary by David Tuchman",328
2024-10-16,https://youtube.com/watch?v=zYpmxrywCBg,"Luda Chris, Linglin, 3Coin, Dylan Flashner & Mike X Play THE ANTE GAME - Commentary by Charlie",334
2024-10-15,https://youtube.com/watch?v=G_AFrpui_Js,"3Coin, DQ, ThreadGuy, Frank DeGods, Nate Hill, Drew, Karen, Sasababi & Raver Play MAX PAIN MONDAY!",327
2024-10-12,https://youtube.com/watch?v=z3ccrXELCi8,"HIGH STAKES $50/100!! Linglin, Mike X, Brown Balla & Suited Superman - Commentary by Adam Johnson",337
2024-10-11,https://youtube.com/watch?v=kaAxD-cdFqY,"THIRSTY THURSDAY!! Nate Hill, Suited Superman, Ronnie & Gazzy B - Commentary by Charlie Wilmoth",324
2024-10-10,https://youtube.com/watch?v=8ctyoJwrpyk,"Linglin, Henry & Francisco Play $25/50 No Limit Hold'em - Commentary by David Tuchman",316
2024-10-09,https://youtube.com/watch?v=RAXBOwUNPLc,"Luda Chris, Linglin, Johnny & David Play THE ANTE GAME - Commentary by Close2Broke",314
2024-10-08,https://youtube.com/watch?v=N5jz2CZ9bOM,"Ansem, Wesley, Frank DeGods & Ponzi Trader Play Poker!! MAX PAIN MONDAY!!",269
2024-10-05,https://youtube.com/watch?v=zzLyTVcTc6w,"HIGH STAKES $50/100 w/ Britney, Mariano, Linglin, Henry & Schlubby Greg - Commentary by Bart Hanson",388
2024-10-04,https://youtube.com/watch?v=L6hqcBCBqlM,"THIRSTY THURSDAY!! Nate Hill, Bart Hanson & Ronnie Play $10/20/40 - Commentary by Adam Johnson",331
2024-10-03,https://youtube.com/watch?v=IR8HfmNbKq8,"Mariano, Britney, Dylan & Brown Balla Play $25/50/100 - Commentary by Charlie Wilmoth",321
2024-10-02,https://youtube.com/watch?v=makywkGizyg,"Mike X, Francisco, Mike Nia & Schlubby Greg Play THE ANTE GAME!! Commentary by Charlie Wilmoth",326
2024-10-01,https://youtube.com/watch?v=Xs2_j5-t9bk,"MAX PAIN MONDAY!! Randy Pitchford, David Tuchman, RaverPoker, Dylan Flashner - Commentary by Charlie",332
2024-09-29,https://youtube.com/watch?v=J3_kcTvYLC8,"LADIES NIGHT!! Sashimi, Kelly Lucas, Karen, Jamie & Coco Play $10/20/40 - Commentary by Charlie",275
2024-09-28,https://youtube.com/watch?v=aHn3u667xz0,"SUPER HIGH STAKES WEEK!! $200/400 w/ Peter, Britney, Mariano, Dylan, Linglin - Commentary by Charlie",298
2024-09-27,https://youtube.com/watch?v=gQSfGPm_TVU,"SUPER HIGH STAKES WEEK! $100/200! Peter, Britney, 3Coin, Steve, David, Ryan - Commentary by Stapes",330
2024-09-26,https://youtube.com/watch?v=pGrFW07LiXo,"SUPER HIGH STAKES WEEK!! $100/200 w/ Peter, Britney, Linglin, Tomer, Ryan - Commentary by Tuchman",362
2024-09-25,https://youtube.com/watch?v=7W7JUGh0FwI,"SUPER HIGH STAKES WEEK! $100/200! Luda Chris, Britney, Peter, JBoogs, Sashimi - Commentary by Stapes",338
2024-09-24,https://youtube.com/watch?v=onRapPprEV0,"SUPER HIGH STAKES WEEK!! $100/200 w/ Peter, Britney, Linglin, Dylan & Tomer - Commentary by Tuchman",324
2024-09-24,https://youtube.com/watch?v=KI7Ys-15TBI,"MAX PAIN MONDAY!! Sashimi, Kelly Lucas, Sasababi, Ronnie - Commentary by Charlie Wilmoth",283
2024-09-14,https://youtube.com/watch?v=bPyHq-5UGmA,"Emile Hirsch Plays HIGH STAKES POKER w/ Mariano, Denis the Menace, Linglin, Dylan Flashner & Mike X",415
2024-09-12,https://youtube.com/watch?v=EPddGfr7ef4,"Denis the Menace, Linglin, Dylan Flashner & Mike Nia Play $25/50 - Commentary by David Tuchman",330
2024-09-11,https://youtube.com/watch?v=v2tamzptke8,"Texas Mike, Sashimi, Linglin, Brazil God, Pink & JBoogs Play THE ANTE GAME!! Commentary by Charlie",334
2024-09-10,https://youtube.com/watch?v=_kyWm-IdgV8,"Rampage, Sashimi, Nate Hill, 3Coin, Randy Pitchford & Kelly Lucas - MAX PAIN MONDAY!!",329
2024-09-08,https://youtube.com/watch?v=O6BwZLrcxto,"WEEKEND POKER!! $2/5 Cash Game w/ Mariano, Dylan, Neve, Nikos & Ryder Beer - Commentary by Charlie",278
2024-09-07,https://youtube.com/watch?v=QZlQyXnDgTQ,"HIGH STAKES $50/100 w/ Texas Mike, Denis the Menace, Mariano & Ryan Feldman - Commentary by Charlie",388
2024-09-06,https://youtube.com/watch?v=S95WxqTb4sE,Rampage & Texas Mike Play $10/20/40!! THIRSTY THURSDAY!! Commentary by Charlie Wilmoth,321
2024-09-05,https://youtube.com/watch?v=0wuJkr2AcEU,"Mariano, Denis the Menace & Henry Play $25/50 No Limit Hold'em - Commentary by David Tuchman",331
2024-09-04,https://youtube.com/watch?v=Cf2Qte-EKiw,"3Coin, JBoogs, Dylan Flashner & Mike X Play THE ANTE GAME - Commentary by Charlie Wilmoth",329
2024-09-03,https://youtube.com/watch?v=GOJNcpLaUwE,"MAX PAIN MONDAY!! DK, 3Coin, Pouya, Fast Eddie, Kelly Lucas - Commentary by Nick Vertucci",329
2024-08-31,https://youtube.com/watch?v=GXc-2aES2zc,"HIGH STAKES $100/100/200! Mariano, Denis the Menace, Mike X & Chief - Commentary by Charlie Wilmoth",374
2024-08-29,https://youtube.com/watch?v=wC_e49JmIxA,"Adam22, Mariano, Denis the Menace, Dylan Flashner & Brown Balla Play $25/50 - Commentary by Tuchman",332
2024-08-28,https://youtube.com/watch?v=4ASfpkNsiUw,"Luda Chris, JBoogs & Mike X Play THE ANTE GAME!! Commentary by Charlie Wilmoth",329
2024-08-27,https://youtube.com/watch?v=L2qXsjUGkWU,"MAX PAIN MONDAY!! Nate Hill, Kelly Lucas, RaverPoker & Nick V - Commentary by David Tuchman",322
2024-08-24,https://youtube.com/watch?v=Y0PLcA8KlOw,"HIGH STAKES $100/200! Britney, Peter, Mike X, Henry, JBoogs, Ryan - Commentary by Charlie Wilmoth",401
2024-08-23,https://youtube.com/watch?v=cEbd-iQjmmQ,"HIGH STAKES $200/400! Britney, Peter, Max, Brandon, Mariano, Ryan & Denis - Commentary by Stapes",359
2024-08-21,https://youtube.com/watch?v=pbZ66jzin4Q,"Luda Chris, JBoogs, Dylan Flashner & Francisco Play THE ANTE GAME - Commentary by Joe Stapleton",327
2024-08-20,https://youtube.com/watch?v=sbXX1l5tHNs,"MAX PAIN MONDAY! 3Coin, RaverPoker, Nick V & Adam Johnson - Commentary by David Tuchman",304
2024-08-17,https://youtube.com/watch?v=fTfqy1KvwNQ,"HIGH STAKES $50/100!! Mariano, Henry, Brown Balla & Suited Superman - Commentary by Charlie Wilmoth",370
2024-08-16,https://youtube.com/watch?v=KHMoHJ7v8_Y,"THIRSTY THURSDAY!! Kelly Lucas, Nick V, Zeo & Suited Superman!! - Commentary by Charlie Wilmoth",329
2024-08-15,https://youtube.com/watch?v=ZyzfQbQlBzU,"Mariano, Britney, Henry & Brown Balla Play $25/50 - Commentary by David Tuchman",330
2024-08-14,https://youtube.com/watch?v=jmEEV_hNszs,"Luda Chris, Britney, JBoogs, Mike X & Dylan Flashner Play THE ANTE GAME - Commentary by Charlie",327
2024-08-13,https://youtube.com/watch?v=H5hur1Alkr4,"MAX PAIN MONDAY! Bruce Buffer, Britney, Sashimi, Fast Eddie, Nate Hill & Raver  - Commentary by Tuck",328
2024-08-10,https://youtube.com/watch?v=6MWbiJl267s,"ALL-STAR GAME! Alan Keating, Luda Chris, Tom Dwan, Britney, 3Coin, Steve! HIGH STAKES $100/200",465
2024-08-09,https://youtube.com/watch?v=Vf2HgdqI4p8,"THIRSTY THURSDAY!! Eric Poker, Eddie, Zeo & Francisco Play $10/20/40 - Commentary by David Tuchman",336
2024-08-08,https://youtube.com/watch?v=Y7ZMSutdGns,"ALL-STAR GAME! Tom Dwan, Mariano, Britney, Arden Cho, Sashimi, Dylan, Big John - HIGH STAKES $50/100",376
2024-08-07,https://youtube.com/watch?v=qu8Q5YVzHXM,"Luda Chris, JBoogs, Rina, Mike X & Dr. H Play THE ANTE GAME - Commentary by Adam",330
2024-08-06,https://youtube.com/watch?v=2qDe6gXk2So,"MAX PAIN MONDAY! Liquid Steve, TSM Reginald, Sashimi, Raver, Eddie & Kelly Lucas! Commentary by Adam",330
2024-08-03,https://youtube.com/watch?v=iJqMercwMRY,"Tom Dwan Plays SUPER HIGH STAKES $200/400 w/ Britney, Peter, Dylan Flashner & Ryan Feldman",324
2024-08-02,https://youtube.com/watch?v=BUsE713c-K0,"THIRSTY THURSDAY!! Rampage, Fast Eddie, Versace, Ronnie, Nick V - Commentary by Charlie Wilmoth",332
2024-08-01,https://youtube.com/watch?v=lw43c2AzsUM,"Tom Dwan Plays SUPER HIGH STAKES $200/400 w/ Britney, Peter, Sashimi, Ryan Feldman & Dylan Flashner",348
2024-07-31,https://youtube.com/watch?v=tUpLfpdN6o8,"Luda Chris, JBoogs, Dylan Flashner & Mike X Play THE ANTE GAME!! Commentary by David Tuchman",328
2024-07-30,https://youtube.com/watch?v=uncBxI1JnEE,"Rampage, DQ, Nate Hill, DJ Washburn & Raver Play MAX PAIN MONDAY!! Commentary by David Tuchman",329
2024-07-27,https://youtube.com/watch?v=g3yjtQ7Btpg,"HIGH STAKES BOUNTY GAME!! $100K BOUNTY POOL!! Jungleman, Mariano, Brown Balla - Commentary by Raver",394
2024-07-26,https://youtube.com/watch?v=93ALetdUAs8,"THIRSTY THURSDAY!! Rina, Johnny, Nick V, Dr. P, Recycler & Versace - Commentary by Charlie Wilmoth",327
2024-07-25,https://youtube.com/watch?v=Oyh1DYIRzAA,"Tom Dwan, Britney, Peter, Sashimi, Ryan Feldman & Steve!! SUPER HIGH STAKES $200/400!!",299
2024-07-23,https://youtube.com/watch?v=ehaUg_Lc7RM,"MAX PAIN MONDAY!! Nate Hill, Sashimi, Kelly Lucas, Fast Eddie & Ronnie - Commentary by Charlie",328
2024-07-20,https://youtube.com/watch?v=TBekfA_40xU,"HIGH STAKES $100/200 w/ Jungleman, Britney, Sashimi, Mariano & 3Coin! Commentary by Charlie Wilmoth",398
2024-07-19,https://youtube.com/watch?v=vGqSmERe3_o,"HIGH STAKES $100/200 w/ Jungleman, Britney, Sashimi, 3Coin, Mike X & Dylan - Commentary by Raver",309
2024-07-18,https://youtube.com/watch?v=fdTv1U6_R30,"Tom Dwan Plays SUPER HIGH STAKES $200/400 w/ Peter, Britney, Sashimi, Ryan Feldman & Steve!!",298
2024-07-17,https://youtube.com/watch?v=stntOFCwWeM,"Britney, Luda Chris, JBoogs, Mike X & Fast Eddie Play THE ANTE GAME - Commentary by Charlie Wilmoth",328
2024-07-16,https://youtube.com/watch?v=pagjFpOjDlA,"MAX PAIN MONDAY!! Sashimi, DQ & RaverPoker Play $10/20/40 - Commentary by Adam Johnson",326
2024-06-29,https://youtube.com/watch?v=r_YT3NM8kxw,Emile Hirsch & YoH ViraL Play $25/50 w/ Henry & Dylan Flashner - Commentary by Charlie Wilmoth,406
2024-06-21,https://youtube.com/watch?v=vmLSrfhx1uI,"LADIES NIGHT!! Sashimi, Kelly Lucas, Karen, Jamie & Rina Play $10/20/40 No Limit Hold'em",336
2024-06-15,https://youtube.com/watch?v=e8G-IRrT4GI,"Tom Dwan, Peter, Britney, Trick Time & Sashimi! SUPER HIGH STAKES $200/400! Commentary by Raver",376
